institute,quota,category,closing_rank,candidates_seen,state
ACS Medical College and Hospital,AIQ,General,734672,26,Tamil Nadu
ACSR Govt Medical College,AIQ,General,1021236,7,Andhra Pradesh
AGARTALA GOVT. MEDICAL COLLEGE,AIQ,General,27007,1,Tripura
AIIMS,AIQ,General,61580,76,Uttar Pradesh
AIIMS Bathinda,AIQ,General,2482,1,Punjab
AIIMS Bilaspur Changar Palasiyan,AIQ,General,30304,4,Himachal Pradesh
AIIMS Guwahati,AIQ,General,31499,9,Assam
AIIMS Jammu,AIQ,General,51471,10,Jammu and Kashmir
AIIMS Rajkot,AIQ,General,53569,4,Gujarat
ANUGRAH NARAYAN MAGADH MEDICAL COLLEGE,AIQ,General,119132,7,Bihar
ASSAM MEDICAL COLLEGE,AIQ,General,119562,7,Assam
ATAL BIHARI VAJPAYEE GOVERNMENT MEDICAL COLLEGE,AIQ,General,749341,19,Madhya Pradesh
Aarupadai Veedu Medical College and Hospt.,AIQ,General,755831,15,Puducherry
Amrita School of Medicine Faridabad,AIQ,General,363996,9,Haryana
Andaman and Nicobar Islands Institute of Medical S,AIQ,General,24492,1,Andaman and Nicobar Islands
Andhra Medical College,AIQ,General,7539,3,
Atal Bihari Vajpayee Institute of Medical Sciences & DR RML HOSPITAL,AIQ,General,149223,4,Bihar
Autonomous State Medical Collage,AIQ,General,109637,7,Uttar Pradesh
Autonomous State Medical College,AIQ,General,499745,73,Uttar Pradesh
Autonomous State Medical College Society,AIQ,General,19879,4,Uttar Pradesh
Autonomous State Medical college Society Hardoi,AIQ,General,106101,8,Uttar Pradesh
Autonomous state Medical College,AIQ,General,1190424,11,
B.J. Government Medical College,AIQ,General,105614,8,Maharashtra
B.J. MEDICAL COLLEGE,AIQ,General,73018,5,Gujarat
B.L.D.E University,AIQ,General,302710,27,Karnataka
B.R.D. MEDICAL COLLEGE,AIQ,General,104924,16,
B.Sc. Nursing,AIQ,General,627606,16,
BANKURA SAMMILANI MED COLL,AIQ,General,140230,7,West Bengal
BELGAUM INST. OF MEDICAL SCI.,AIQ,General,122194,8,Karnataka
BHAARATH MEDICAL COLLEGE AND HOSPITAL,AIQ,General,820797,12,Tamil Nadu
BIDAR INSTITUTE OF MEDICAL SCI.,AIQ,General,138880,10,Karnataka
BPS Govt. Med. College,AIQ,General,122410,3,Haryana
BUNDELKHAND MEDICAL COLLEGE,AIQ,General,105466,8,
BURDWAN MEDICAL COLLEGE,AIQ,General,999414,8,West Bengal
BV Deemed Uni. Med. College and Hos.,AIQ,General,664912,20,Maharashtra
Baba Kinaram Autonomous State Medical College,AIQ,General,114454,7,Uttar Pradesh
Bangalore Medical College and Research Institute,AIQ,General,42980,2,Karnataka
Barasat Government Medical College & Hospital,AIQ,General,122842,6,West Bengal
Bharati Vidyapeeth DU Medical College,AIQ,General,592172,9,Maharashtra
C. Institute of Medical Sciences,AIQ,General,26879,7,Karnataka
CALCUTTA NATIONAL MED COLL,AIQ,General,117345,11,West Bengal
CHENGALPATTU MEDICAL COLL,AIQ,General,145518,8,Tamil Nadu
CHHATTISGARH INSTITUTE OF MEDICAL SCIENCES,AIQ,General,91700,6,Chhattisgarh
CHIKKABALLAPURA INSTITUTE OF MEDICAL SCIENCES,AIQ,General,130768,3,Karnataka
COIMBATORE MEDICAL COLLEGE,AIQ,General,142895,11,Tamil Nadu
COLLEGE OF MEDICINE and JNM HOSPITAL,AIQ,General,129596,11,
Chandulal Chandrakar Memorial Government Medical College,AIQ,General,138082,14,Chhattisgarh
Chettinad Hos. and Res. Inst.,AIQ,General,766810,18,
Chhindwara Institute of Medical Sciences,AIQ,General,116688,11,
Chikkamagaluru Institute of Medical Sciences,AIQ,General,150485,13,Karnataka
Chitradurga Medical College and Research Institute,AIQ,General,24884,6,Karnataka
College Government Medical College Alwar,AIQ,General,91240,3,Rajasthan
DATTA MEGHE MEDICAL COLLEGE WANADONGRI HINGNA NAGPUR,AIQ,General,638084,24,Maharashtra
DR. VAISHAMPAYAM MEMORIAL M.C.,AIQ,General,108671,14,Maharashtra
DR.RAJENDRA PRASAD MC,AIQ,General,8273,1,
DR.S.C.GOVT MEDICAL COLLEGE,AIQ,General,144418,5,Maharashtra
DR.S.N. MEDICAL COLLEGE,AIQ,General,74989,5,Rajasthan
DY Patil University School of Medicine,AIQ,General,661567,8,
Darbhanga Medical College,AIQ,General,119066,2,Bihar
Deben Mahata Government Medical College & Hospital,AIQ,General,148191,4,
Diamond Harbour Govt Medical College,AIQ,General,139466,7,
Did not fill up fresh choices.,AIQ,General,1315471,10699,
Did not opt for Upgradation.,AIQ,General,1315566,12721,
Dr Ram Manohar Lohia Inst. of Med. Sce.,AIQ,General,42380,8,Uttar Pradesh
Dr. B.R. Ambedkar State Institute of Medical Sciences,AIQ,General,17802,7,Punjab
Dr. B.S.A. Medical College,AIQ,General,49964,3,Delhi
Dr. DY Patil Medical College,AIQ,General,529224,11,Maharashtra
Dr. DY Patil Medical College and Hospt.,AIQ,General,518398,21,Maharashtra
Dr. DYP Edu. Soc. Deemed Uni.,AIQ,General,553148,14,Maharashtra
Dr. YS Parmar Govt. Medical College,AIQ,General,112774,8,Himachal Pradesh
Dr.Radhakrishnan Government Medical College,AIQ,General,695650,9,
ESI-MC&PGIMS&R,AIQ,General,468396,18,Karnataka
ESIC,AIQ,General,430839,19,
ESIC MEDICAL COLLEGE & HOSPITAL,AIQ,General,538009,9,
ESIC MEDICAL COLLEGE AND HOSPITAL,AIQ,General,686197,30,Delhi
ESIC MEDICAL COLLEGE NARODA,AIQ,General,463423,20,
ESIC Medical College,AIQ,General,505423,52,Telangana
ESIC Medical College & Hospital,AIQ,General,530778,25,Bihar
ESIC Medical College AND PGIMSR,AIQ,General,201923,5,
ESIC Medical College and Hospital,AIQ,General,451088,12,
ESIC Medical College and Hospital Varanasi,AIQ,General,954114,10,
ESIC PGIMSR,AIQ,General,108358,8,
Employees State Insurance Corporation Medical College,AIQ,General,146901,15,Rajasthan
Fakhruddin Ali Ahmed Medical College,AIQ,General,25558,5,Assam
Fresh Allotted in 3nd Round,AIQ,General,1252244,4856,
Fresh Allotted in 3nd Round( NRI Priority : 1 ),AIQ,General,1288903,28,
Fresh Allotted in 3nd Round( NRI Priority : 2 ),AIQ,General,1317215,237,
G.S.V.M. MEDICAL COLLEGE,AIQ,General,65169,10,Uttar Pradesh
GAJRA RAJA MEDICAL COLLEGE,AIQ,General,84131,10,Madhya Pradesh
GANDHI MEDICAL COLLEGE,AIQ,General,92870,11,Madhya Pradesh
GITAM Institue of Med. Sce. and Res.,AIQ,General,571747,6,Andhra Pradesh
GMC,AIQ,General,126801,22,Uttar Pradesh
GMC DAUSA RAJASTHAN,AIQ,General,91995,4,Rajasthan
GMC Jangaon,AIQ,General,151942,4,Telangana
GMC KARAULI,AIQ,General,104061,7,Rajasthan
GMC Kamareddy,AIQ,General,26296,4,Telangana
GMERS Medical College,AIQ,General,1037462,24,Gujarat
GOA MEDICAL COLLEGE,AIQ,General,101960,5,Goa
GOVERMENT MEDICAL COLLEGE NANDURBAR MAHARARASTRA,AIQ,General,114763,5,Maharashtra
GOVERNMENT MEDICAL COLLEGE,AIQ,General,1115020,83,Maharashtra
GOVERNMENT MEDICAL COLLEGE AND GENERAL HOSPITAL,AIQ,General,130363,4,Maharashtra
GOVERNMENT MEDICAL COLLEGE Karimnagar Telangana,AIQ,General,149808,7,Telangana
GOVERNMENT MEDICAL COLLEGE MACHILIPATNAM,AIQ,General,24868,2,
GOVERNMENT MEDICAL COLLEGE NANDYAL,AIQ,General,128615,7,
GOVERNMENT MEDICAL COLLEGE PURNEA,AIQ,General,136153,4,Bihar
GOVT MEDICAL COLLEGE,AIQ,General,1104692,5,Telangana
GOVT. DHARAMAPURI MED COLL,AIQ,General,27761,4,Tamil Nadu
GOVT. KILPAUK MEDICAL COLLEGE,AIQ,General,119660,5,Tamil Nadu
GOVT. MEDICAL COLLEGE,AIQ,General,153183,30,Maharashtra
GOVT. MOHAN KUMARAMANGALAM M.C.,AIQ,General,13573,1,Tamil Nadu
GOVT. VELLORE MEDICAL COLLEGE,AIQ,General,25925,6,Tamil Nadu
GOVT.MEDICAL COLLEGE,AIQ,General,115572,20,Rajasthan
GRANT MEDICAL COLL & SIR J.J.HOSP,AIQ,General,90836,9,Maharashtra
GTMC,AIQ,General,19584,3,Tamil Nadu
GUNTUR MEDICAL COLLEGE,AIQ,General,22094,4,Andhra Pradesh
GURU GOVIND SINGH MED COLL,AIQ,General,17173,8,Punjab
GUWAHATI MEDICAL COLLEGE,AIQ,General,88005,6,Assam
GVMC,AIQ,General,1098028,7,Tamil Nadu
Gadag Institute of Medical Sciences,AIQ,General,123145,8,Karnataka
Gandhi Medical College Musheerabad Secunderabad,AIQ,General,7253,4,Telangana
Gmc,AIQ,General,121735,8,
Goverment Medical College,AIQ,General,130821,26,Bihar
Goverment Medical College And Hospital Jalgaon,AIQ,General,23014,7,Maharashtra
Goverment Medical College Sheopur,AIQ,General,21070,3,
Government Doon Medcial College,AIQ,General,875148,6,Uttarakhand
Government Medcial College,AIQ,General,22001,8,Maharashtra
Government Medical College,AIQ,General,1114323,276,Telangana
Government Medical College & Hospital,AIQ,General,831158,2,Maharashtra
Government Medical College Chittorgarh,AIQ,General,76041,5,Rajasthan
Government Medical College Mahasamund Chhattisgarh,AIQ,General,145338,4,Chhattisgarh
Government Medical College Nirmal,AIQ,General,28202,1,Telangana
Government Medical College Satna,AIQ,General,121022,8,Madhya Pradesh
Government Medical College Siddipet,AIQ,General,143103,5,Telangana
Government Medical College Suryapet,AIQ,General,123668,4,Telangana
Government Medical College and District General Hospital,AIQ,General,123553,4,Maharashtra
Government Medical College and ESIC Hospital,AIQ,General,525616,6,Tamil Nadu
Government Medical College and Hospital,AIQ,General,115037,4,Odisha
Government Medical college,AIQ,General,122699,6,Maharashtra
Government medical College,AIQ,General,18921,2,Tamil Nadu
Govt Medical College,AIQ,General,154537,31,Kerala
Govt Medical College Badaun,AIQ,General,100028,4,
Govt Medical College Baramati,AIQ,General,120996,2,Maharashtra
Govt Medical College Barmer Rajasthan,AIQ,General,100855,13,Rajasthan
Govt Medical College Basti,AIQ,General,116051,9,Uttar Pradesh
Govt Medical College Faizabad,AIQ,General,107947,6,Uttar Pradesh
Govt Medical College Firozabad,AIQ,General,112116,6,Uttar Pradesh
Govt Medical College Kannur,AIQ,General,137232,4,Kerala
Govt Medical College Nalgonda,AIQ,General,121043,4,Telangana
Govt Medical College Ratlam,AIQ,General,91920,3,Madhya Pradesh
Govt Medical College Shahdol,AIQ,General,110702,8,Madhya Pradesh
Govt Medical College Vikarabad,AIQ,General,28771,2,Telangana
Govt Medical college Shivpuri,AIQ,General,111337,8,Madhya Pradesh
Govt institute of Medcial Sciences,AIQ,General,9270,4,Uttar Pradesh
Govt. Medical College,AIQ,General,946638,37,Uttar Pradesh
Govt. Medical College Jayashankar Bhupalpally,AIQ,General,132267,1,Telangana
Govt. Medical College Karur,AIQ,General,16740,5,Tamil Nadu
Govt. Medical College Rajanna Sircilla,AIQ,General,28079,2,Telangana
Govt. Medical College and Hospital,AIQ,General,133088,4,Maharashtra
Govt. Pudukkottai Medical College Hopt.,AIQ,General,18973,9,Tamil Nadu
Govt. Sivgangai M. C. Sivagangai,AIQ,General,19303,2,Tamil Nadu
Graphic Era Institute Of Medical Science,AIQ,General,576685,10,Uttarakhand
Gulbarga Institute of Medical Sciences,AIQ,General,129845,10,Karnataka
HASSAN INST. MEDICAL SCIENCES,AIQ,General,133599,11,Karnataka
Haveri Institute of Medical Sciences,AIQ,General,152565,10,Karnataka
Hinduhridayasamrat Balasaheb Thackeray Medical College and Dr. R. N. Cooper Municipal General Hospital,AIQ,General,102783,8,Maharashtra
INDIRA GANDHI GOVT.MEDICAL COLL.,AIQ,General,109255,18,Maharashtra
INDIRA GANDHI MEDICAL COLL.,AIQ,General,7698,6,Himachal Pradesh
INST OF PG MED EDU & RESEARCH,AIQ,General,71259,4,
INST.OF MED.SCIENCES,AIQ,General,20606,4,
IRT Perundurai Medical College,AIQ,General,125728,7,
Indira Gandhi Institute of Medical Sciences,AIQ,General,96049,2,Bihar
Indira Gandhi Medical College & RI,AIQ,General,127289,10,Puducherry
Institute of Medical Sciences & SUM Hospital,AIQ,General,396950,25,Odisha
Institute of Medical Sciences and SUM Host.,AIQ,General,398720,33,Odisha
JAWAHAR LAL NEHRU MEDICAL,AIQ,General,60827,8,Rajasthan
JHALAWAR MEDICAL COLLEGE,AIQ,General,76687,8,Rajasthan
JIPMER KARAIKAL,AIQ,General,71488,7,Puducherry
JIPMER PUDUCHERRY,AIQ,General,126024,4,Puducherry
JLN IMS,AIQ,General,140433,2,Manipur
JLN Medical College,AIQ,General,587084,14,Maharashtra
JSS Medical College,AIQ,General,167972,1,Karnataka
Jagadguru Gangadhar Mahaswamigalu Moorusavirma th Medical College,AIQ,General,394117,31,Karnataka
Jawahar Lal Nehru Medical College,AIQ,General,195073,40,Karnataka
Jawaharlal Nehru Medical College,AIQ,General,111142,8,Uttar Pradesh
Jhargram Government Medical College and Hospital,AIQ,General,149018,3,West Bengal
Jorhat Medical College and Hospital,AIQ,General,131902,7,Assam
K.A.P. VISWANATHAM Govt Medical College,AIQ,General,14942,6,Tamil Nadu
K.S Hegde Medical Academy,AIQ,General,137517,3,Karnataka
KANYAKUMARI GOVT. MED. COLL.,AIQ,General,1180453,2,
KARNATAK INST. OF MEDICAL SC.,AIQ,General,100347,8,Karnataka
KGMC,AIQ,General,63833,6,Uttar Pradesh
KURNOOL MEDICAL COLLEGE,AIQ,General,22480,4,Andhra Pradesh
Kakatiya Medical College Warangal,AIQ,General,1018550,11,Telangana
Kalinga Institute of Medical Sciences,AIQ,General,202084,11,Odisha
Kalpana Chawla Govt. Medical College,AIQ,General,10661,2,Haryana
Kalyan Singh Government Medical College,AIQ,General,104956,3,
Karwar Institute of Medical Sciences,AIQ,General,126484,13,Karnataka
Kasturba Medical College,AIQ,General,41533,1,Karnataka
Kodagu Institute of Medical Sciences,AIQ,General,1093495,16,Karnataka
Kokrajhar Medical College & Hospital Rangalikhata,AIQ,General,24347,1,Assam
Koppal Institute of Medical Sciences,AIQ,General,128737,11,Karnataka
Krishna Inst. of Med. Scie.,AIQ,General,609275,11,Maharashtra
L.L.R.M. MEDICAL COLLEGE,AIQ,General,9650,8,Uttar Pradesh
LOKMANYA TILAK MUNICIPAL M C,AIQ,General,109648,5,Maharashtra
Lady Hardinge Medical College,AIQ,General,15212,2,Delhi
Lakhimpur Medical College,AIQ,General,154315,1,Assam
Lt. B R K Government Medical College,AIQ,General,1060971,4,Chhattisgarh
Lt. L A M Govt. Medical College,AIQ,General,116700,9,Chhattisgarh
M.G.M. MEDICAL COLLEGE,AIQ,General,112712,19,Jharkhand
M.P. SHAH MEDICAL COLLEGE,AIQ,General,89872,14,Gujarat
MADRAS MEDICAL COLLEGE,AIQ,General,6861,1,Tamil Nadu
MADURAI MEDICAL COLLEGE,AIQ,General,123915,6,Tamil Nadu
MAHARAJA K.C. GAJAPATI M.C.,AIQ,General,129391,2,Odisha
MAHARANI LAXMI BAI MEDICAL COLL,AIQ,General,95992,9,Uttar Pradesh
MAHARSHI DEVRAHA BABA AUTONOMOUS STATE. MEDICAL COLLEGE,AIQ,General,105293,4,
MALDA MED. COLLEGE,AIQ,General,23295,4,West Bengal
MANDYA INST. OF MEDICAL SCI.,AIQ,General,111130,10,Karnataka
MEDICAL COLLEGE,AIQ,General,525315,21,Gujarat
MG Inst. of Medical Sciences,AIQ,General,875780,15,Maharashtra
MGM Medical College,AIQ,General,297942,17,Maharashtra
MIDNAPORE MEDICAL COLLEGE,AIQ,General,122611,7,West Bengal
MM Inst. Med. and Research,AIQ,General,476335,6,Haryana
MOTI LAL NEHRU MEDICAL COLL,AIQ,General,80403,13,
MRA MEDICAL COLLEGE AMBEDKAR NAGAR,AIQ,General,101608,6,
MYSORE MED.& RESEARCH INST. MYSORE,AIQ,General,15375,4,Karnataka
Maharaja Jitendra Narayan Medical College and Hospital Coochbehar,AIQ,General,24204,6,West Bengal
Maharishi Chyawan Medical College,AIQ,General,1039159,5,Haryana
Mahatma Gandhi Medical College,AIQ,General,808791,21,Puducherry
Mahatma Gandhi Mission Medical College,AIQ,General,373553,13,Maharashtra
Mahatma Gandhi Missions Medical College,AIQ,General,624436,39,
Mahatma Vidur Autonomous State Medical College,AIQ,General,102420,8,Uttar Pradesh
Malla Reddy Institute of Medical Sciences,AIQ,General,451856,7,Telangana
Malla Reddy Medical College for Women,AIQ,General,541861,8,Telangana
Maulana Azad Medical College,AIQ,General,138067,1,Delhi
Medinirai Medical College (previously Known as Palamu Medical College),AIQ,General,135357,6,Jharkhand
Meenakshi Medical College Hospital and Research Institute,AIQ,General,657379,8,Tamil Nadu
Mursidabad M C & Hospital,AIQ,General,747846,5,
NALANDA MEDICAL COLLEGE,AIQ,General,112881,1,Bihar
NAMO Medical Education & Research Institute,AIQ,General,85166,3,
NDMC Medical College,AIQ,General,5106,4,Delhi
NEIGRIHMS,AIQ,General,16601,2,Meghalaya
NETAJI SUBHASH CHANDRA BOSE MC,AIQ,General,100004,8,
NILRATAN SIRKAR MEDICAL COLLEGE,AIQ,General,1238539,5,West Bengal
NORTH BENGAL MED.COLL,AIQ,General,133959,10,
Nalbari Medical College & Hospital Dakhingaon,AIQ,General,25960,2,Assam
No Upgradation,AIQ,General,1260223,3607,
Not Allotted.,AIQ,General,1296691,2020,
Osmania Medical College Koti,AIQ,General,8757,7,Telangana
PABITRA MOHAN PRADHAN MEDICAL COLLEGE & HOSPITAL,AIQ,General,27610,1,Odisha
PATNA MEDICAL COLLEGE,AIQ,General,6393,2,Bihar
PRAGJYOTISHPUR MEDICAL COLLEGE,AIQ,General,23549,3,
PT NEKI RAM SHARMA GOVT MEDICAL COLLEGE,AIQ,General,100838,5,
PT. B.D. SHARMA PGIMS,AIQ,General,9920,4,Haryana
Phulo Jhano Medical College,AIQ,General,136565,6,Jharkhand
Prafulla Chandra Sen Government Medical College & Hospital,AIQ,General,23090,1,West Bengal
Pt. D.D.U MEDICAL COLLEGE,AIQ,General,79136,10,Gujarat
Pt. J N M MEDICAL COLLEGE,AIQ,General,16069,6,Chhattisgarh
Pt. Jawahar Lal Nehru Govt. Med. College,AIQ,General,113394,10,Himachal Pradesh
Pt. Raghunath Murmu Med. College,AIQ,General,146965,1,Odisha
R.G. KAR MEDICAL COLLEGE,AIQ,General,15156,7,West Bengal
R.N.T. MEDICAL COLLEGE,AIQ,General,55836,8,Rajasthan
RAICHUR INST. OF MEDICAL SCI.,AIQ,General,896492,13,Karnataka
RAJENDRA INST. OF MED. SCI.,AIQ,General,89481,4,Jharkhand
RAJIV GANDHI INSTITUTE OF MEDICAL SCIENCES,AIQ,General,147831,7,
RAJIV GANDHI MEDICAL COLLEGE,AIQ,General,108496,8,Maharashtra
RAMPURHAT GOVT MEDICAL COLLEGE RAMPURHAT,AIQ,General,24310,5,West Bengal
REGIONAL INST OF MEDICAL SCI,AIQ,General,22377,2,Manipur
RIMS,AIQ,General,27619,12,Andhra Pradesh
RIMS Srikakulam,AIQ,General,118517,11,Andhra Pradesh
RUHS College of Medical Sciences,AIQ,General,49630,2,Rajasthan
Raiganj Government Medical College,AIQ,General,127876,6,West Bengal
Raja Rajeswari Medical College Bengaluru,AIQ,General,526412,13,Karnataka
Rajah Muthiah Medical College,AIQ,General,132020,12,Tamil Nadu
Rajarshee Chhatrapati Shahu Maharaj Government Medical College Kolhapur,AIQ,General,109831,5,Maharashtra
Rajiv Gandhi Institute Medical Sce of Adilabad,AIQ,General,121285,6,Telangana
Rajkiya Medical College,AIQ,General,114568,5,Uttar Pradesh
Rajmata shrimati devendra kumari singhdeo government medical college,AIQ,General,25218,4,Chhattisgarh
Rangaraya Medical College,AIQ,General,139038,9,
Rani Durgavati Medical College,AIQ,General,114515,5,
Rural Medical College and PIMS,AIQ,General,139826,1,Maharashtra
S.M.S. MEDICAL COLLEGE,AIQ,General,2531,1,Rajasthan
S.N. MEDICAL COLLEGE,AIQ,General,89243,9,Uttar Pradesh
S.S. MEDICAL COLLEGE,AIQ,General,107096,11,Madhya Pradesh
SARDAR PATEL MEDICAL COLLEGE,AIQ,General,44219,2,Rajasthan
SBKS Med. Inst. and Res. Centre,AIQ,General,704085,13,Gujarat
SDU Medical College,AIQ,General,217863,4,Karnataka
SETH G.S. MEDICAL COLLEGE,AIQ,General,85260,2,Maharashtra
SH VASANT RAO NAIK GOVT.M.C.,AIQ,General,867744,12,Maharashtra
SHEIKH BHIKHARI MEDICAL COLLEGE & HOSPITAL,AIQ,General,20884,6,Jharkhand
SHILONG MEDICAL COLLEGE,AIQ,General,1102815,3,Meghalaya
SHIMOGA INST. OF MEDICAL SCI.,AIQ,General,122634,7,Karnataka
SHKM GMC,AIQ,General,101613,4,Haryana
SHRI ATAL BIHARI VAJPAYEE GOVERNMENT MEDICAL COLLEGE,AIQ,General,95309,6,Haryana
SHRI BHAUSAHEB HIRE GOVT. M.C.,AIQ,General,125396,10,Maharashtra
SHRI KALYAN GOVT MEDICAL COLLEGE SIKAR,AIQ,General,77081,3,Rajasthan
SILCHAR MEDICAL COLLEGE,AIQ,General,150604,8,Assam
SJP Medical College,AIQ,General,90864,6,Rajasthan
SKIMS Medical College,AIQ,General,92831,5,
SLBS Govt. Medical College,AIQ,General,86092,22,Himachal Pradesh
SOBAN SINGH JEENA GOVERNMENT INSTITUTE OF MEDICAL SCIENCE & RESEARCH,AIQ,General,122242,7,Uttarakhand
SRI KRISHNA MEDICAL COLLEGE,AIQ,General,110205,3,Bihar
SRM Medical College and Hospital,AIQ,General,701594,20,Tamil Nadu
STANLEY MEDICAL COLLEGE,AIQ,General,70325,2,Tamil Nadu
SUH Maulana Mahmood Hasan Medical College,AIQ,General,111624,4,
SVIMS - Sri Padmavathi Medical College for Women,AIQ,General,150701,9,
SWAMI RAMANAND TiRTH RURAL M.C,AIQ,General,122369,11,Maharashtra
Sagar Dutta Medical College & Hospital,AIQ,General,127811,8,West Bengal
Saheed Laxman Nayak Med. College and Hos.,AIQ,General,24138,4,Odisha
Santosh Medical College and Hospital,AIQ,General,588923,6,Uttar Pradesh
Sarat Chandra Chattopadhyay Govt. Medical College & Hospital,AIQ,General,23387,6,West Bengal
Saveetha Medical College,AIQ,General,509812,3,
Shaheed Nirmal Mahto Medical College & Hospital,AIQ,General,19694,7,Jharkhand
Shri Atal Bihari Vajpayee Medical College & Research Institute,AIQ,General,702132,8,Karnataka
Shri Sathya Sai Medical College and Research Institute,AIQ,General,811496,16,Tamil Nadu
Siddartha Medical College,AIQ,General,137271,7,
Sree Balaji Medical College and Hospital,AIQ,General,819763,14,Tamil Nadu
Sri Jagannath Medical College & Hospital,AIQ,General,83692,1,Odisha
Sri Lakshmi Narayana Inst. of Med. Scien.,AIQ,General,811714,4,Puducherry
Sri Ramachandra Med. College and Res. Inst.,AIQ,General,333238,5,Tamil Nadu
Sri Siddhartha Academy T Begur,AIQ,General,510662,18,Karnataka
Sri Siddhartha Medical College DU,AIQ,General,402063,37,Karnataka
Sri Venkateswara Medical College,AIQ,General,137215,11,Andhra Pradesh
Sundarlal patwa Govt medical College mandsaur,AIQ,General,20010,3,
T.D. MEDICAL COLLEGE,AIQ,General,27979,1,Kerala
THANJAVUR MEDICAL COLL.,AIQ,General,26199,6,Tamil Nadu
THENI GOVT. MEDICAL COLLEGE,AIQ,General,14826,2,Tamil Nadu
THOOTHUKUDI MEDICAL COLLEGE,AIQ,General,17296,9,Tamil Nadu
TOPIWALA NATIONAL MEDICAL COLLEGE,AIQ,General,106595,8,Maharashtra
Tezpur Medical College,AIQ,General,25090,7,Assam
Thiruvannamalai MC,AIQ,General,19808,4,Tamil Nadu
Tinsukia Medical College & Hospital,AIQ,General,27130,1,Assam
Tomo Riba Institute Health and Medical Sciences,AIQ,General,23450,1,Arunachal Pradesh
UNS AUTONOMOUS STATE MEDICAL COLLEGES,AIQ,General,126062,6,
UTTARANCHAL F HOSP TRUST MC,AIQ,General,10904,2,Uttarakhand
University College of Medical Sciences,AIQ,General,14605,3,Delhi
Upgraded( NRI Priority : 1 ),AIQ,General,500150,3,
Upgraded( NRI Priority : 2 ),AIQ,General,1077971,13,
Uttar Pradesh University of Medical Sciences,AIQ,General,89842,7,Uttar Pradesh
V.S.S. MEDICAL COLLEGE,AIQ,General,143763,2,Odisha
VARDHMAN INSTITUTE OF MEDICAL SCIENCES,AIQ,General,117034,1,Bihar
VELS MEDICAL COLLEGE & HOSPITAL,AIQ,General,603600,5,Tamil Nadu
VIJAYNAGAR INST OF MED. SC,AIQ,General,115750,13,Karnataka
VMKV Medical College and Hospital,AIQ,General,656654,4,
Vardhman Mahavir Medical College and Safdarjung Hospital New Delhi,AIQ,General,116381,2,Delhi
Veer Chandra Singh Garhwali Govt. Institute of Medical Science & Research,AIQ,General,101978,5,Uttarakhand
Vinayaka Missions Medical College and Hospital,AIQ,General,693547,6,Puducherry
Virendra Kumar Sakhlecha Government Medical College,AIQ,General,108149,7,Madhya Pradesh
YADGIRI INSTITUTE OF MEDICAL SCIENCES,AIQ,General,24321,9,Karnataka
Yenepoya Medical College,AIQ,General,404110,9,Karnataka
