sno,state,code,name,mgmt,renewed,increased,total
1,Karnataka,KA/001/P/3,"A J Institute of Medical Sciences & Research Centre, Mangalore",Private,250,0,250
2,Puducherry,PY/001/P/3,"Aarupadai Veedu Medical College, Pondicherry",Private,150,0,150
3,Chhattisgarh,CG/001/P/4,Abhishek Mishra Memorial Medical College & RC Bhiali Distt. Durg CG,Private,150,50,200
4,Jammu and Kashmir,JK/001/P/3,"Acharya Shri Chander College of Medical Sciences, Jammu",Private,150,0,150
5,Maharashtra,MH/001/P/3,"ACPM Medical College, Dhule",Private,100,0,100
6,Tamil Nadu,TN/001/P/3,"ACS Medical College and Hospital, Chennai",Private,250,0,250
7,Andhra Pradesh,AP/001/G/1,ACSR Government Medical College,Government,175,25,200
8,Punjab,PB/001/P/4,"Adesh Institute of Medical Sciences & Research, Bhatinda",Private,150,0,150
9,Haryana,HR/001/P/4,"Adesh Medical College and Hospital, Shahabad, Kurukshetra, Haryana",Private,250,0,250
10,Karnataka,KA/002/P/3,"Adichunchanagiri Institute of Medical Sciences, Bellur",Private,250,0,250
11,Tripura,TR/001/G/1,"Agartala Government Medical College,Agartala",Government,150,50,200
12,Uttar Pradesh,UP/001/P/4,Ajay Sangaal Institute of Medical Sciences and Ayushman Hospital Shamli (UP),Private,200,50,250
13,Karnataka,KA/003/P/3,"Akash Institute of Medical Sciences & Research Centre, Devanhalli, Bangalore, Karnataka",Private,250,0,250
14,Haryana,HR/002/P/3,"Al Falah School of Medical Sciences & Research Centre, Faridabad",Private,200,0,200
15,Karnataka,KA/004/P/3,"Al-Ameen Medical College, Bijapur",Private,150,0,150
16,Kerala,KL/001/P/3,"Al-Azhar Medical College and Super Speciality Hospital, Thodupuzha",Private,250,0,250
17,Andhra Pradesh,AP/002/P/4,"Alluri Sitaram Raju Academy of Medical Sciences, Eluru",Private,250,0,250
18,Karnataka,New Establishment,ALVA'S INSTITUTE OF MEDICAL SCIENCES AND RESEARCH CENTRE,Private,0,150,150
19,Kerala,KL/002/P/4,"Amala Institute of Medical Sciences, Thrissur",Private,100,0,100
20,Madhya Pradesh,MP/001/P/4,"Amaltas Institute of Medical Sciences, Dewas",Private,250,0,250
21,Rajasthan,RJ/001/P/5,"American International Institute of Medical Sciences, Bedwas",Private,150,0,150
22,Haryana,HR/003/P/3,Amrita School of Medicine,Private,150,0,150
23,Kerala,KL/003/P/3,"Amrita School of Medicine, Elamkara, Kochi",Private,149,0,149
24,Rajasthan,RJ/002/P/4,"Ananta Institute of Medical Sciences & Research Centre, Rajsamand",Private,150,50,200
25,Gujarat,GJ/002/P/3,"Ananya College of Medicine & Research, Kalol",Private,150,0,150
26,Andaman & Nicobar,AN/001/G/1,"Andaman & Nicobar Islands Institute of Medical Sciences, Port Blair",Government,114,0,114
27,Andhra Pradesh,AP/003/G/1,"Andhra Medical College, Visakhapatnam",Government,250,0,250
28,Andhra Pradesh,AP/004/P/3,Anna Gowri Medical College and Hospital,Private,150,0,150
29,Tamil Nadu,TN/003/P/3,"Annapoorna Medical College & Hospital, Salem",Private,150,0,150
30,Bihar,BR/001/G/1,"Anugrah Narayan Magadh Medical College, Gaya",Government,120,0,120
31,Andhra Pradesh,AP/005/P/4,"Apollo Institute of Medical Sciences and Research, Chittoor",Private,150,0,150
32,Telangana,TS/001/P/4,"Apollo Institute of Medical Sciences and Research, Hyderabad",Private,150,0,150
33,Tamil Nadu,New Establishment,APS MEDICAL COLLEGE HOSPITAL AND RESEARCH INSTITUTE,Private,0,150,150
34,Maharashtra,MH/002/G/1,"Armed Forces Medical College, Pune",Government,150,0,150
35,Delhi,DL/001/P/4,"Army College of Medical Sciences, New Delhi",Private,100,0,100
36,Tamil Nadu,TN/004/P/3,Arunai Medical College And Hospital,Private,200,0,200
37,Telangana,TS/002/P/4,"Arundathi Institute of Medical Sciences, Medchal",Private,150,0,150
38,Rajasthan,RJ/003/P/3,Arya Medical College and Hospital,Private,50,100,150
39,Maharashtra,MH/003/P/3,"Ashwini Rural Medical College, Hospital & Research Centre, Solapur",Private,150,0,150
40,Assam,AS/001/G/1,"Assam Medial College, Dibrugarh",Government,250,0,250
41,Delhi,DL/007/G/1,"Atal Bihari Vajpayee Institute of Medical Sciences and Dr. RML Hospital, New Delhi",Government,100,0,100
42,Uttar Pradesh,UP/003/G/5,Autonomous state medical college Amethi,Government,100,0,100
43,Uttar Pradesh,UP/005/G/5,Autonomous State Medical College and Hospital Gonda,Government,100,0,100
44,Uttar Pradesh,UP/006/G/1,Autonomous State Medical College and Hospital Kaushambi,Government,100,0,100
45,Uttar Pradesh,UP/007/G/5,Autonomous State Medical College and Hospital Lakhimpuri kheri,Government,100,0,100
46,Uttar Pradesh,UP/008/G/5,Autonomous State Medical College Kushinagar,Government,100,0,100
47,Uttar Pradesh,UP/009/G/1,Autonomous State Medical College Lalitpur,Government,100,0,100
48,Uttar Pradesh,UP/010/G/1,Autonomous State Medical College Pilibhit,Government,100,0,100
49,Uttar Pradesh,UP/011/G/1,Autonomous State Medical College Pratapgarh,Government,100,0,100
50,Uttar Pradesh,UP/012/G/1,Autonomous State Medical College Society Ghazipur,Government,100,0,100
51,Uttar Pradesh,UP/013/G/1,"Autonomous State Medical College Society, Etah, Uttar Pradesh",Government,100,0,100
52,Uttar Pradesh,UP/014/G/1,"Autonomous State Medical College Society, Fatehpur",Government,100,0,100
53,Uttar Pradesh,UP/015/G/1,"Autonomous State Medical College Society, Hardoi",Government,100,0,100
54,Uttar Pradesh,UP/002/G/1,Autonomous State Medical College Sultanpur,Government,100,0,100
55,Uttar Pradesh,UP/016/G/1,"Autonomous State Medical College, Akbarpur, Kanpur",Government,100,0,100
56,Uttar Pradesh,UP/017/G/1,"Autonomous State Medical College, Siddharthnagar",Government,100,0,100
57,Uttar Pradesh,UP/018/G/1,"Autonomous State Medical College, Sonebhadra",Government,100,0,100
58,Uttar Pradesh,UP/019/G/1,Autonomous State Society Medical College Mirzapur,Government,100,0,100
59,Telangana,TS/004/P/4,"Ayaan Institute of Medical Sciences, Teaching Hospital & Research Centre, Kanaka Mamidi, R.R. Dist",Private,150,0,150
60,Kerala,KL/004/P/3,"Azeezia Instt of Medical Science,Meeyannoor, Kollam",Private,100,50,150
61,Gujarat,GJ/003/G/1,"B J Medical College, Ahmedabad",Government,250,0,250
62,Maharashtra,MH/004/G/1,"B. J. Govt. Medical College, Pune",Government,250,0,250
63,Maharashtra,MH/005/P/3,"B.K.L. Walawalkar Rural Medical College, Ratnagiri",Private,150,0,150
64,Maharashtra,New Establishment,B.S.P. Medical College and Hospital,Private,0,150,150
65,Uttar Pradesh,UP/020/G/1,Baba Kina Ram Autonomous State Medical College and Hospital Chandauli,Government,100,0,100
66,Rajasthan,RJ/004/P/3,Balvir Singh Tomar Institute of Medical Sciences and Research,Private,150,100,250
67,Gujarat,GJ/004/P/3,"Banas Medical College and Research Institute, Palanpur, Gujarat",Private,200,0,200
68,Karnataka,KA/005/G/1,"Bangalore Medical College and Research Institute, Bangalore",Government,250,0,250
69,West Bengal,WB/001/G/1,"Bankura Sammilani Medical College, Bankura",Government,200,0,200
70,West Bengal,WB/002/G/1,Barasat Government Medical College & Hospital,Government,100,0,100
71,Karnataka,KA/006/P/4,"Basaveswara Medical College and Hospital, Chitradurga",Private,150,0,150
72,Karnataka,KA/007/G/1,"Belagavi Institute of Medical Sciences, Belagavi",Government,200,0,200
73,Kerala,KL/005/P/3,"Believers Church Medical College Hospital, Thiruvalla, Kerala",Private,100,0,100
74,Karnataka,KA/008/P/3,"BGS Global Institute of Medical Sciences, Bangalore",Private,150,100,250
75,Karnataka,KA/009/P/3,"BGS Medical College and Hospital Bengaluru, Karnataka",Private,250,0,250
76,Tamil Nadu,TN/005/P/3,Bhaarat Medical College & Hospital,Private,250,0,250
77,Bihar,BR/023/G/1,"Bhagwan Mahavir Institute of Medical Sciences, Pawapuri (formerly Vardhman Institute of Medical Sciences, Pawapuri, Nalanda)",Government,120,0,120
78,Gujarat,GJ/005/P/3,Bhagyoday Medical College,Private,100,0,100
79,Rajasthan,New Establishment,BHARAT VIKAS INSTITUTE OF MEDICAL SCIENCES,Private,0,150,150
80,Maharashtra,MH/006/P/3,"Bharati Vidyapeeth Deemed University Medical College & Hospital, Sangli",Private,250,0,250
81,Maharashtra,MH/007/P/3,"Bharati Vidyapeeth University Medical College, Pune",Private,250,0,250
82,Maharashtra,MH/008/P/3,"Bharatratna Atal Bihari Vajpayee Medical College, Pune",Private,100,0,100
83,Telangana,TS/005/P/4,"Bhaskar Medical College, Yenkapally",Private,150,50,200
84,Karnataka,KA/010/G/1,"Bidar Institute of Medical Sciences, Bidar",Government,200,0,200
85,Haryana,HR/004/G/1,"BPS Government Medical College for Women, Sonepat",Government,120,0,120
86,Uttar Pradesh,UP/021/G/1,"BRD Medical College, Gorakhpur",Government,150,0,150
87,Bihar,New Establishment,Buddha Hospital and Research Institute,Private,0,100,100
88,Madhya Pradesh,MP/002/G/1,"Bundelkhand Medical College, Sagar",Government,150,0,150
89,West Bengal,WB/003/G/1,"Burdwan Medical College, Burdwan",Government,200,0,200
90,West Bengal,WB/004/G/1,"Calcutta National Medical College, Kolkata",Government,250,0,250
91,Uttar Pradesh,UP/022/P/3,"Career Instt. Of Medical Sciences & Hospital, Lucknow",Private,150,0,150
92,Telangana,TS/006/P/4,"Chalmeda Anand Rao Institute Of Medical Sciences, Karimnagar",Private,200,0,200
93,Karnataka,KA/011/G/1,"Chamrajanagar Institute of Medical Sciences, Karnataka",Government,150,0,150
94,Chhattisgarh,CG/002/G/1,"Chandulal Chandrakar Memorial Medical College, Durg",Government,200,0,200
95,Tamil Nadu,TN/006/G/1,"Chengalpattu Medical College, Chengalpattu",Government,100,0,100
96,Tamil Nadu,TN/007/P/3,"Chettinad Hospital & Research Institute, Kanchipuram",Private,250,0,250
97,Karnataka,New Establishment,Chettinad Institute of Medical Education and Research,Private,0,100,100
98,Chhattisgarh,CG/003/G/1,"Chhattisgarh Institute of Medical Sciences, Bilaspur",Government,150,0,150
99,Karnataka,KA/013/G/1,"Chikkamagaluru Institute of Medical Sciences, Chikkamagaluru",Government,150,0,150
100,Madhya Pradesh,MP/003/P/4,"Chirayu Medical College and Hospital, Bairagarh, Bhopal",Private,250,0,250
101,Karnataka,KA/014/G/1,Chitradurga Medical College and Research Institute,Government,150,0,150
102,Punjab,PB/002/P/4,"Christian Medical College, Ludhiana",Private,100,0,100
103,Tamil Nadu,TN/008/P/4,"Christian Medical College, Vellore",Private,100,0,100
104,Telangana,TS/007/P/4,CMR Institute of Medical Science,Private,250,0,250
105,Tamil Nadu,TN/009/G/1,"Coimbatore Medical College, Coimbatore",Government,200,0,200
106,West Bengal,WB/005/G/1,"College of Medicine and JNM Hospital, Kalyani, Nadia",Government,150,0,150
107,West Bengal,WB/006/G/1,"College of Medicine and Sagore Dutta Hospital, Kolkata",Government,125,25,150
108,West Bengal,WB/007/G/1,"Coochbehar Government Medical College & Hospital, Coochbehar, WB",Government,150,0,150
109,Gujarat,GJ/006/P/3,"CU Shah Medical College, Surendra Nagar",Private,100,50,150
110,Bihar,BR/002/G/1,"Darbhanga Medical College, Lehriasarai",Government,120,30,150
111,Maharashtra,MH/009/P/3,"Datta Meghe Medical College, Nagpur",Private,250,0,250
112,Punjab,PB/003/P/3,"Dayanand Medical College & Hospital, Ludhiana",Private,150,0,150
113,Telangana,TS/008/P/3,Deccan College of Medical Sciences,Private,150,0,150
114,Tamil Nadu,TN/010/P/3,"Dhanalakshmi Srinivasan Institute of Medical Sciences and Hospital - Thuraiyur Road, Perambalur",Private,150,50,200
115,Tamil Nadu,TN/011/P/3,"Dhanalakshmi Srinivasan Medical College and Hospital, Perambalur",Private,250,0,250
116,Odisha,OD/005/G/1,"Dharanidhar Medical College and Hospital (previously Government Medical College, Keonjhar)",Government,100,0,100
117,Assam,AS/002/G/1,"Dhubri Medical College, Dhubri",Government,100,0,100
118,West Bengal,WB/008/G/1,"Diamond Harbour Government Medical College and Hospital, West Bengal",Government,150,0,150
119,Assam,AS/003/G/1,"Diphu Medical College & Hospital, Diphu, Assam",Government,100,0,100
120,Uttarakhand,UK/001/G/1,"Doon Medical College, Dehradun, Uttarakhand",Government,150,0,150
121,Punjab,PB/004/G/1,"Dr B R Ambedkar State Institute of Medical Sciences, SAS Nagar , Mohali",Government,100,0,100
122,Karnataka,KA/015/P/3,"Dr BR Ambedkar Medical College, Bangalore",Private,150,0,150
123,Rajasthan,RJ/005/P/3,Dr S S Tantia Medical College Hospital & Research Centre,Private,250,0,250
124,Rajasthan,RJ/006/G/1,"Dr SN Medical College, Jodhpur",Government,250,0,250
125,Maharashtra,MH/010/G/1,"Dr Vaishampayan Memorial Medical College, Solapur",Government,200,0,200
126,Rajasthan,New Establishment,Dr. B. S. Tomar Institute of Medical Sciences and Research,Private,0,150,150
127,Uttar Pradesh,UP/023/P/4,"Dr. B.S. Kushwah Medical College, Kanpur",Private,150,0,150
128,Delhi,DL/002/G/1,"Dr. Baba Saheb Ambedkar Medical College, Rohini, Delhi",Government,125,0,125
129,Uttar Pradesh,UP/036/G/1,"Dr. Bhimrao Ramji Ambedkar Government Medical College, Kannauj ,Uttar Pradesh",Government,100,0,100
130,Karnataka,KA/016/P/3,"Dr. Chandramma Dayananda Sagar Instt. of Medical Education & Research, Harohalli, Hubli",Private,200,0,200
131,Maharashtra,MH/011/P/3,"Dr. D Y Patil Medical College, Hospital and Research Centre, Pimpri, Pune",Private,250,0,250
132,Maharashtra,MH/012/P/1,"Dr. D Y Patil Medical College, Kolhapur",Private,150,50,200
133,Gujarat,GJ/007/P/3,Dr. Kiran C.Patel Medical College and Research Institute,Private,200,0,200
134,Uttar Pradesh,UP/056/P/3,"Dr. KNS Memorial Institute of Medical Sciences ( Formerly Known as Mayo Institute of Medical Sciences), Lucknow-Ayodhya Road",Private,250,0,250
135,Madhya Pradesh,MP/012/G/1,"Dr. Laxminarayan Pandey Government Medical College, Ratlam (M.P.)",Government,180,20,200
136,Gujarat,GJ/008/P/3,"Dr. M.K. Shah Medical College & Research Centre, Ahmedabad",Private,250,0,250
137,Kerala,KL/006/P/3,"Dr. Moopen Medical College Wayanad, Kerala",Private,150,100,250
138,Maharashtra,MH/013/P/3,Dr. N Y Tasgaonkar Institute of Medical Science,Private,100,0,100
139,Gujarat,GJ/009/P/3,"Dr. N.D. Desai Faculty of Medical Science and Research, Nadiad",Private,150,50,200
140,Andhra Pradesh,AP/006/P/4,"Dr. P.S.I. Medical College , Chinoutpalli",Private,150,0,150
141,Maharashtra,MH/014/P/4,"Dr. Panjabrao Alias Bhausaheb Deshmukh Memorial Medical College, Amravati",Private,150,0,150
142,Telangana,TS/009/P/4,"Dr. Patnam Mahender Reddy Institute of Medical Sciences, Chevella, Rangareddy",Private,200,0,200
143,Himachal Pradesh,HP/001/G/1,"Dr. Radhakrishnan Government Medical College, Hamirpur, H.P",Government,120,0,120
144,Himachal Pradesh,HP/002/G/1,"Dr. Rajendar Prasad Government Medical College, Tanda, H.P",Government,120,0,120
145,Maharashtra,MH/015/P/4,"Dr. Rajendra Gode Medical College, Amravati",Private,150,0,150
146,Uttar Pradesh,UP/024/G/1,"Dr. Ram Manohar Lohia Institute of Medical Sciences,Lucknow",Government,200,0,200
147,Maharashtra,MH/016/G/1,"Dr. Shankarrao Chavan Govt. Medical College, Nanded",Government,150,0,150
148,Kerala,KL/007/P/3,"Dr. Somervel Memorial CSI Hospital & Medical College, Karakonam, Thiruvananthapuram",Private,150,50,200
149,Maharashtra,MH/017/P/3,"Dr. Ulhas Patil Medical College & Hospital, Jalgaon",Private,200,0,200
150,Maharashtra,MH/018/P/3,"Dr. Vasantrao Pawar Med. Col. Hosp. & Research Centre, Nasik (Prev. NDMVP Samaj Medical College)",Private,150,0,150
151,Maharashtra,MH/019/P/3,"Dr. Vithalrao Vikhe Patil Foundations Medical College & Hospital, Ahmednagar",Private,200,0,200
152,Telangana,TS/010/P/3,"Dr. VRK Womens Medical College, Aziznagar",Private,100,0,100
153,Odisha,OD/001/P/4,"DRIEMS Institute of Health Sciences and Hospital, Kairapari",Private,100,0,100
154,Jharkhand,JH/001/G/1,"Dumka Medical College, Dighi Dumka",Government,100,0,100
155,Maharashtra,MH/020/P/3,"DY Patil University, School of Medicine",Private,100,0,100
156,Karnataka,KA/017/P/3,"East Point College of Medical Sciences & Research Centre, Bangalore",Private,200,50,250
157,West Bengal,WB/009/P/4,"East West Institute of Medical Sciences and Research, Burdwan",Private,100,0,100
158,Telangana,TS/011/G/1,"Employees State Insurance Coporation Medical College, Sanath Nagar, Hyderabad",Government,150,0,150
159,Karnataka,KA/018/G/1,"Employees State Insurance Corporation Medical College, Bangalore",Government,150,0,150
160,Haryana,HR/005/G/1,"Employees State Insurance Corporation Medical College, Faridabad",Government,150,0,150
161,Karnataka,KA/019/G/1,"Employees State Insurance Corporation Medical College, Gulbarga",Government,150,0,150
162,West Bengal,WB/010/G/1,"Employees State Insurance Corporation Medical College, Joka, Kolkata",Government,150,0,150
163,Bihar,BR/003/G/1,"Employees State Insurance Corporation Medical College, Patna",Government,100,0,100
164,Rajasthan,RJ/007/G/1,"Employees State Insurance Corporation Medical College,Alwar",Government,100,0,100
165,Uttar Pradesh,UP/025/P/3,"Era Lucknow Medical College , Lucknow",Private,250,0,250
166,Delhi,DL/003/G/1,"ESIC Medical College & Hospital, Basaidarapur, New Delhi",Government,50,0,50
167,Tamil Nadu,TN/012/G/1,"ESIC Medical College & PGIMSR, K.K Nagar, Chennai",Government,149,0,149
168,Maharashtra,MH/021/G/1,"ESIC MEDICAL COLLEGE AND HOSPITAL, ANDHERI",Government,50,0,50
169,Assam,AS/004/G/1,"ESIC Medical College and Hospital, Beltola",Government,50,0,50
170,Rajasthan,RJ/008/G/1,"ESIC MEDICAL COLLEGE AND HOSPITAL, JAIPUR",Government,50,0,50
171,Uttar Pradesh,UP/026/G/1,"ESIC MEDICAL COLLEGE AND HOSPITAL, NOIDA",Government,50,0,50
172,Uttar Pradesh,UP/027/G/1,"ESIC Medical College and Hospital, VARANASI",Government,50,0,50
173,Madhya Pradesh,MP/004/G/1,"ESIC MEDICAL COLLEGE AND HOSPITAL,INDORE",Government,50,0,50
174,Punjab,PB/005/G/1,ESIC Medical College Ludhiana,Government,50,0,50
175,Gujarat,GJ/010/G/1,"ESIC MEDICAL COLLEGE NARODA BAPUNAGAR, AHMEDABAD",Government,50,0,50
176,Uttar Pradesh,UP/028/P/4,"F.H. Medical College & Hospital, Etamdapur, Agra",Private,250,0,250
177,Tamil Nadu,TN/013/P/3,"Faculty of Medicine , Sri Lalithambigai Medical College and Hospital",Private,200,50,250
178,Haryana,HR/006/P/3,"Faculty of Medicine and Health Sciences, Gurgaon (Formarly SGGST Medical College & R Centre,Gurgaon)",Private,150,50,200
179,Assam,AS/005/G/1,"Fakhruddin Ali Ahmed Medical College, Barpeta, Assam",Government,125,0,125
180,Karnataka,KA/020/P/5,FAROOKH ACADEMY OF MEDICAL EDUCATION HOSPITAL AND RESEARCH INSTITUTE,Private,100,50,150
181,Telangana,TS/012/P/3,"Father Colombo Institute of Medical Sciences, Warangal",Private,150,0,150
182,Karnataka,KA/021/P/4,"Father Mullers Medical College, Mangalore",Private,150,0,150
183,Andhra Pradesh,AP/007/P/4,"Fathima Instt. of Medical Sciences, Kadapa",Private,100,0,100
184,Uttar Pradesh,New Establishment,"FULAN SINGH MEDICAL COLLEGE, FS UNIVERSITY",Private,0,100,100
185,Karnataka,KA/073/T/3,G R Medical College Hospital & Research Centre,Private,150,0,150
186,Uttar Pradesh,UP/029/P/3,"G.S. Medical College & Hospital, Hapur, UP",Private,250,0,250
187,Madhya Pradesh,MP/005/G/1,"Gajra Raja Medical College, Gwalior",Government,200,50,250
188,Madhya Pradesh,MP/006/G/1,"Gandhi Medical College, Bhopal",Government,250,0,250
189,Telangana,TS/013/G/1,"Gandhi Medical College, Secunderabad",Government,250,0,250
190,Assam,AS/006/G/1,"Gauhati Medical College, Guwahati",Government,250,0,250
191,Uttarakhand,UK/002/P/3,"Gautam Buddha Chikitsa Mahavidyalaya, Dehradum",Private,150,0,150
192,Andhra Pradesh,AP/008/P/4,"Gayathri Vidya Parishad Institute of Health Care & Medical Technology, Visakhapatnam",Private,200,0,200
193,Gujarat,GJ/011/P/3,"GCS Medical College, Ahmedabad",Private,200,0,200
194,Rajasthan,RJ/009/P/3,GEETANJALI INSTITUTE OF MEDICAL SCIENCES,Private,150,100,250
195,Rajasthan,RJ/010/P/3,"Geetanjali Medical College & Hospital,Udaipur",Private,250,0,250
196,Punjab,PB/006/P/3,"Gian Sagar Medical College & Hospital, Patiala",Private,150,0,150
197,Andhra Pradesh,AP/009/P/4,"GITAM Institute of Medical Sciences and Research, Visakhapatnam",Private,150,0,150
198,Gujarat,GJ/012/G/1,"GMERS Medical College, Dharpur Patan",Government,200,0,200
199,Gujarat,GJ/013/G/1,"GMERS Medical College, Gandhinagar",Government,200,0,200
200,Gujarat,GJ/014/G/1,"GMERS Medical College, Gotri, Vadodara",Government,200,0,200
201,Gujarat,GJ/015/G/1,"GMERS Medical College, Hadiyol, Himmatnagar",Government,200,0,200
202,Gujarat,GJ/016/G/1,"GMERS Medical College, Junagadh",Government,200,0,200
203,Gujarat,GJ/023/G/1,"GMERS Medical College, Navsari",Government,100,0,100
204,Gujarat,GJ/017/G/1,"GMERS Medical College, Rajpipla",Government,100,0,100
205,Gujarat,GJ/018/G/1,"GMERS Medical College, Sola, Ahmedabad",Government,200,0,200
206,Gujarat,GJ/019/G/1,"GMERS Medical College, Vadnagar, Mehsana",Government,200,0,200
207,Gujarat,GJ/020/G/1,"GMERS Medical College, Valsad",Government,200,0,200
208,Goa,GA/001/G/1,"Goa Medical College, Panaji",Government,200,50,250
209,West Bengal,WB/011/P/4,"Gouri Devi Institute of Medical Sciences and Hospital, Durgapur",Private,200,0,200
210,Madhya Pradesh,MP/007/G/1,"GOVERMENT MEDICAL COLLEGE, SHEOPUR",Government,100,0,100
211,Uttar Pradesh,UP/030/G/1,"Government Allopathic Medical College, Banda, UP",Government,100,0,100
212,Tamil Nadu,TN/014/G/1,"Government Dharmapuri Medical College, Dharmapuri",Government,100,0,100
213,Tamil Nadu,TN/015/G/1,"Government Erode Medical College & Hospital, Perundurai (Formerly IRT Perundurai Medical College)",Government,100,0,100
214,Uttar Pradesh,UP/031/G/1,"Government Institute of Medical Sciences, Kasna, Greater Noida",Government,100,0,100
215,Chhattisgarh,CG/004/G/1,"Government Medical College (Bharat Ratna Shri Atal Bihari Vajpyee Memorial Med. Col.), Rajnandgaon",Government,125,0,125
216,Kerala,KL/008/G/1,"Government Medical College (Institute of Integrated Medical Sciences), Yakkara, Palakkad",Government,100,0,100
217,Uttarakhand,UK/003/G/1,"Government Medical College (Prev.Uttarakhand Forest Hospital Trust Med.Col.), Haldwani",Government,125,0,125
218,Tamil Nadu,TN/016/G/1,"Government Medical College & ESIC Hospital, Coimbatore, Tamil Nadu.",Government,100,0,100
219,Odisha,OD/001/G/1,"Government Medical College & Hospital (Renamed as Bhima Bhoi Medical College & Hospital), Balangir",Government,100,0,100
220,Odisha,OD/002/G/1,"Government Medical College & Hospital (Renamed as Fakir Mohan Medical College & Hospital), Balasore",Government,100,0,100
221,Tamil Nadu,TN/054/G/1,"Government Medical College & Hospital Cuddalore, Since- 09-05-2025 (erstwhile Rajah Muthiah Medical College, cuddalore, T.N)",Government,150,0,150
222,Maharashtra,MH/022/G/1,"Government Medical College & Hospital, Baramati",Government,100,0,100
223,Uttar Pradesh,UP/032/G/1,"Government Medical College & Super facility Hospital, Azamgarh",Government,100,0,100
224,Maharashtra,MH/023/G/1,"Government Medical college and District Hospital, Ratnagiri",Government,100,0,100
225,Chattisgarh,New Establishment,Government Medical College Dantewada,Government,0,50,50
226,Jammu and Kashmir,JK/002/G/1,Government Medical College Handwara,Government,100,0,100
227,Telangana,TS/014/G/1,GOVERNMENT MEDICAL COLLEGE JANGAON,Government,100,0,100
228,Chattisgarh,New Establishment,Government Medical College Janjgir - Champa,Government,0,50,50
229,Kerala,KL/009/G/1,Government Medical College Kasaragod,Government,50,0,50
230,Telangana,TS/015/G/1,GOVERNMENT MEDICAL COLLEGE KHAMMAM,Government,100,0,100
231,Telangana,TS/016/G/1,GOVERNMENT MEDICAL COLLEGE KUMURAM BHEEM ASIFAFABAD,Government,100,0,100
232,Maharashtra,MH/024/G/1,"Government Medical College L.T. Marg, Near L.T. Marg Police Station, Mumbai - 400001",Government,50,0,50
233,Telangana,TS/017/G/1,Government Medical College Medak,Government,50,0,50
234,Odisha,OD/003/G/1,"GOVERNMENT MEDICAL COLLEGE PHULBANI , KANDHAMAL",Government,100,0,100
235,Madhya Pradesh,MP/008/G/1,GOVERNMENT MEDICAL COLLEGE SINGRAULI,Government,100,0,100
236,Jammu and Kashmir,JK/003/G/1,Government Medical College Udhampur,Government,100,0,100
237,Maharashtra,MH/025/G/1,"Government Medical College, Akola",Government,200,0,200
238,Maharashtra,MH/026/G/1,"Government Medical College, Alibag",Government,100,0,100
239,Rajasthan,RJ/011/G/5,"Government Medical College, Alwar",Government,100,0,100
240,Maharashtra,MH/027/G/1,"Government Medical College, Ambernath",Government,100,0,100
241,Maharashtra,MH/028/G/1,"Government Medical College, Amravati",Government,100,0,100
242,Punjab,PB/007/G/1,"Government Medical College, Amritsar",Government,250,0,250
243,Andhra Pradesh,AP/010/G/1,"Government Medical College, Ananthapuram",Government,200,0,200
244,Jammu and Kashmir,JK/004/G/1,"Government Medical College, Anantnag",Government,150,0,150
245,Tamil Nadu,TN/017/G/1,"Government Medical College, Ariyalur",Government,150,0,150
246,Maharashtra,MH/029/G/1,"Government Medical College, Aurangabad",Government,200,0,200
247,Uttar Pradesh,UP/033/G/1,"Government Medical College, Badaun, U.P.",Government,100,0,100
248,Rajasthan,RJ/012/G/1,"Government Medical College, Banswara",Government,100,0,100
249,Jammu and Kashmir,JK/005/G/1,"Government Medical College, Baramulla",Government,150,0,150
250,Rajasthan,RJ/013/G/1,"Government Medical College, Baran",Government,100,0,100
251,Rajasthan,RJ/014/G/1,"Government Medical College, Barmer",Government,130,0,130
252,Bihar,BR/004/G/1,"Government Medical College, Bettiah",Government,120,0,120
253,Telangana,TS/019/G/1,"Government Medical College, Bhadradri Kothagudem",Government,150,0,150
254,Maharashtra,MH/030/G/1,"Government Medical College, Bhandara",Government,100,0,100
255,Rajasthan,RJ/015/G/1,"Government Medical College, Bharatpur, Rajasthan",Government,150,0,150
256,Gujarat,GJ/021/G/1,"Government Medical College, Bhavnagar",Government,200,0,200
257,Rajasthan,RJ/016/G/1,"Government Medical College, Bhilwara, Rajasthan",Government,150,0,150
258,Maharashtra,MH/031/G/1,"Government Medical College, Buldhana",Government,100,0,100
259,Rajasthan,RJ/017/G/1,"Government Medical College, Bundi",Government,100,0,100
260,Chandigarh,CH/001/G/1,"Government Medical College, Chandigarh",Government,150,50,200
261,Maharashtra,MH/032/G/1,"Government Medical College, Chandrapur",Government,150,0,150
262,Madhya Pradesh,MP/009/G/1,"Government Medical College, Chhindwara, MP",Government,150,0,150
263,Rajasthan,RJ/018/G/1,"Government Medical College, Chittorgarh",Government,100,0,100
264,Manipur,MN/001/G/1,"Government Medical College, Churachandpur",Government,100,0,100
265,Rajasthan,RJ/019/G/1,"Government Medical College, Churu",Government,150,0,150
266,Madhya Pradesh,MP/010/G/1,"Government Medical College, Datia, MP",Government,120,0,120
267,Rajasthan,RJ/020/G/1,"Government Medical College, Dausa",Government,100,0,100
268,Rajasthan,RJ/021/G/1,"Government Medical College, Dholpur",Government,100,0,100
269,Tamil Nadu,TN/018/G/1,"Government Medical College, Dindigul",Government,150,0,150
270,Rajasthan,RJ/022/G/1,"Government Medical College, Dungarpur",Government,150,0,150
271,Andhra Pradesh,AP/011/G/1,"Government Medical College, Eluru",Government,150,0,150
272,Kerala,KL/010/G/1,"Government Medical College, Ernakulam",Government,110,0,110
273,Uttar Pradesh,UP/034/G/1,"Government Medical College, Faizabad",Government,100,0,100
274,Uttar Pradesh,UP/035/G/1,"Government Medical College, Firozabad",Government,100,0,100
275,Maharashtra,MH/033/G/1,"Government Medical College, Gadchiroli",Government,100,0,100
276,Maharashtra,MH/034/G/1,"Government Medical College, Gondia",Government,150,0,150
277,Rajasthan,RJ/023/G/1,"Government Medical College, Hanumangarh",Government,100,0,100
278,Uttarakhand,UK/004/G/1,"Government Medical College, Haridwar",Government,100,0,100
279,Maharashtra,MH/035/G/1,"Government Medical College, Hingoli",Government,100,0,100
280,Kerala,KL/011/G/1,"Government Medical College, Idukki",Government,100,0,100
281,Telangana,TS/020/G/1,"Government Medical College, Jagtial",Government,150,0,150
282,Rajasthan,RJ/024/G/5,"Government Medical College, Jaisalmer",Government,50,0,50
283,Maharashtra,MH/036/G/1,"Government Medical College, Jalgaon",Government,150,0,150
284,Maharashtra,MH/037/G/1,"Government Medical College, Jalna",Government,100,0,100
285,Jammu and Kashmir,JK/006/G/1,"Government Medical College, Jammu",Government,200,50,250
286,Chattisgarh,New Establishment,"government medical college, jashpur-kunkuri",Government,0,50,50
287,Telangana,TS/021/G/1,"Government Medical College, Jayashankar Bhupalpally",Government,100,0,100
288,Rajasthan,RJ/025/G/1,"Government Medical College, Jhunjhunu",Government,100,0,100
289,Telangana,TS/022/G/1,"Government Medical College, Jogulumba Gadwal",Government,50,0,50
290,Andhra Pradesh,AP/030/G/1,"Government Medical College, Kadapa ( previously Rajiv Gandhi Institute of Medical Sciences, Kadapa)",Government,175,75,250
291,Tamil Nadu,TN/019/G/1,"Government Medical College, Kallakurichi",Government,150,0,150
292,Telangana,TS/023/G/1,"Government Medical College, Kamareddy",Government,100,0,100
293,Rajasthan,RJ/026/G/1,"Government Medical College, Karauli",Government,100,0,100
294,Telangana,TS/024/G/1,"Government Medical College, Karimnagar",Government,100,0,100
295,Tamil Nadu,TN/020/G/1,"Government Medical College, Karur",Government,150,0,150
296,Jammu and Kashmir,JK/007/G/1,"Government Medical College, Kathua",Government,150,0,150
297,Madhya Pradesh,MP/011/G/1,"Government Medical College, Khandwa, MP",Government,120,0,120
298,Telangana,TS/025/G/1,"GOVERNMENT MEDICAL COLLEGE, KODANGAL",Government,50,0,50
299,Kerala,KL/012/G/1,"Government Medical College, Konni",Government,100,0,100
300,Chhattisgarh,CG/006/G/1,"Government Medical College, Korba",Government,125,0,125
301,Rajasthan,RJ/027/G/1,"Government Medical College, Kota",Government,250,0,250
302,Kerala,KL/013/G/1,"Government Medical College, Kottayam",Government,175,0,175
303,Kerala,KL/014/G/1,"Government Medical College, Kozhikode, Calicut",Government,250,0,250
304,Tamil Nadu,TN/021/G/1,"Government Medical College, Krishnagiri",Government,150,0,150
305,Maharashtra,MH/038/G/1,"Government Medical College, Latur",Government,150,0,150
306,Andhra Pradesh,AP/012/G/1,"Government Medical College, Machilipatnam",Government,150,0,150
307,Telangana,TS/026/G/1,"Government Medical College, Mahabubabad",Government,150,0,150
308,Telangana,TS/027/G/1,"Government Medical College, Mahabubnagar",Government,175,25,200
309,Chhattisgarh,CG/007/G/1,"Government Medical College, Mahasamund",Government,125,0,125
310,Telangana,TS/028/G/1,"Government Medical College, Maheshwaram",Government,50,0,50
311,Telangana,TS/029/G/1,"Government Medical College, Mancherial",Government,100,0,100
312,Kerala,KL/015/G/1,"Government Medical College, Manjeri, Malapuram Dist.",Government,110,0,110
313,Maharashtra,MH/039/G/1,"Government Medical College, Miraj",Government,200,0,200
314,Gujarat,GJ/022/G/1,"Government Medical College, Morbi",Government,100,0,100
315,Telangana,TS/030/G/1,"Government Medical College, Mulugu",Government,50,0,50
316,Tamil Nadu,TN/022/G/1,"Government Medical College, Nagapattinam",Government,150,0,150
317,Telangana,TS/031/G/1,"Government Medical College, Nagarkurnool",Government,150,0,150
318,Rajasthan,RJ/028/G/1,"Government Medical College, Nagaur",Government,100,0,100
319,Maharashtra,MH/040/G/1,"Government Medical College, Nagpur",Government,250,0,250
320,Himachal Pradesh,HP/003/G/1,"Government Medical College, Nahan, Sirmour H.P.",Government,120,0,120
321,Telangana,TS/032/G/1,"Government Medical College, Nalgonda",Government,150,0,150
322,Tamil Nadu,TN/023/G/1,"Government Medical College, Namakkal",Government,100,50,150
323,Maharashtra,MH/041/G/1,"Government Medical College, Nandurbar",Government,100,0,100
324,Andhra Pradesh,AP/013/G/1,"Government Medical College, Nandyal",Government,150,0,150
325,Telangana,TS/033/G/1,"Government Medical College, Narayanpet",Government,50,0,50
326,Telangana,TS/034/G/1,"Government Medical College, Narsampet",Government,50,0,50
327,Maharashtra,MH/047/G/1,"Government Medical College, Nashik",Government,50,50,100
328,Telangana,TS/035/G/1,"Government Medical College, Nirmal",Government,100,0,100
329,Telangana,TS/036/G/1,"Government Medical College, Nizamabad",Government,120,30,150
330,Tamil Nadu,TN/024/G/1,"Government Medical College, Omandurar",Government,100,0,100
331,Andhra Pradesh,AP/031/G/1,"Government Medical College, Ongole (previously Rajiv Gandhi Institute of Medical Sciences, Ongole)",Government,150,0,150
332,Maharashtra,MH/042/G/1,"Government Medical College, Osmanabad",Government,100,0,100
333,Andhra Pradesh,AP/014/G/1,"Government Medical College, Paderu",Government,50,0,50
334,Rajasthan,RJ/029/G/1,"Government Medical College, Pali, Rajasthan",Government,150,0,150
335,Gujarat,GJ/024/G/1,"Government Medical College, Panchmahal Godhra",Government,100,0,100
336,Maharashtra,MH/043/G/1,"Government Medical College, Parbhani",Government,100,0,100
337,Kerala,KL/016/G/1,"Government Medical College, Parippally, Kollam",Government,110,0,110
338,Punjab,PB/008/G/1,"Government Medical College, Patiala",Government,250,0,250
339,Andhra Pradesh,New Establishment,"Government Medical College, Piduguralla",Government,0,50,50
340,Gujarat,GJ/025/G/1,"Government Medical College, Porbandar",Government,100,0,100
341,Tamil Nadu,TN/025/G/1,"Government Medical College, Pudukottai, Tamil Nadu",Government,150,0,150
342,Bihar,BR/005/G/1,"Government Medical College, Purnea",Government,100,0,100
343,Telangana,TS/037/G/1,"Government medical College, Quthbullapur",Government,50,0,50
344,Andhra Pradesh,AP/015/G/1,"Government Medical College, Rajamahendravaram",Government,150,0,150
345,Telangana,TS/038/G/1,"Government Medical College, Rajanna Sircilla",Government,100,0,100
346,Jammu and Kashmir,JK/008/G/1,"Government Medical College, Rajouri, J&K",Government,100,0,100
347,Telangana,TS/039/G/1,"Government Medical College, Ramagundam",Government,150,0,150
348,Tamil Nadu,TN/026/G/1,"Government Medical College, Ramanathapuram",Government,100,0,100
349,Uttar Pradesh,UP/037/G/1,"Government Medical College, Rampur, Basti",Government,100,0,100
350,Telangana,TS/040/G/1,"Government Medical College, Sangareddy",Government,150,0,150
351,Maharashtra,MH/044/G/1,"Government Medical College, Satara",Government,100,0,100
352,Madhya Pradesh,MP/013/G/1,"Government Medical College, Satna",Government,150,0,150
353,Rajasthan,RJ/001/G/1,"Government Medical College, Sawai Madhopur",Government,100,0,100
354,Madhya Pradesh,MP/014/G/1,"Government Medical College, Seoni",Government,100,0,100
355,Madhya Pradesh,MP/015/G/1,"Government Medical College, Shahdol, MP",Government,100,0,100
356,Uttar Pradesh,UP/038/G/1,"Government Medical College, Shahjahanpur, UP",Government,100,0,100
357,Madhya Pradesh,MP/016/G/1,"Government Medical College, Shivpuri, MP",Government,100,0,100
358,Telangana,TS/041/G/1,"Government Medical College, Siddipet",Government,175,25,200
359,Maharashtra,MH/045/G/1,"Government Medical College, Sindhudurg",Government,100,0,100
360,Rajasthan,RJ/030/G/1,"Government Medical College, Sirohi",Government,100,0,100
361,Rajasthan,RJ/031/G/1,"Government Medical College, Sri Ganganagar",Government,100,0,100
362,Jammu and Kashmir,JK/009/G/1,"Government Medical College, Srinagar",Government,200,50,250
363,Odisha,OD/006/G/1,"Government Medical College, Sundargarh",Government,100,0,100
364,Gujarat,GJ/026/G/1,"Government Medical College, Surat",Government,250,0,250
365,Telangana,TS/042/G/1,"Government Medical College, Suryapet",Government,150,0,150
366,Tamil Nadu,TN/027/G/1,"Government Medical College, The Nilgiris",Government,150,0,150
367,Tamil Nadu,TN/028/G/1,"Government Medical College, Thiruvallur",Government,100,50,150
368,Kerala,KL/017/G/1,"Government Medical College, Thrissur",Government,175,0,175
369,Tamil Nadu,TN/029/G/1,"Government Medical College, Tiruppur",Government,100,50,150
370,Rajasthan,RJ/032/G/1,"Government medical college, tonk",Government,50,0,50
371,Madhya Pradesh,MP/017/G/1,"Government Medical College, Vidisha, MP",Government,180,0,180
372,Telangana,TS/018/G/1,"Government Medical College, Vikarabad, Telangana",Government,100,0,100
373,Tamil Nadu,TN/030/G/1,"Government Medical College, Virudhunagar",Government,150,0,150
374,Andhra Pradesh,AP/016/G/1,"Government medical college, vizianagaram",Government,150,0,150
375,Telangana,TS/043/G/1,"Government Medical College, Wanaparthy",Government,150,0,150
376,Maharashtra,MH/046/G/1,"Government Medical College, Washim",Government,100,0,100
377,Kerala,KL/018/G/1,"Government Medical College, Wayanad",Government,50,0,50
378,Telangana,TS/003/G/1,"Government Medical College, Yadadri",Government,50,0,50
379,Andhra Pradesh,AP/017/G/1,"Government Siddhartha Medical College, Vijaywada",Government,175,75,250
380,Tamil Nadu,TN/031/G/1,"Government Sivagangai Medical College, Sivaganga",Government,100,0,100
381,Tamil Nadu,TN/032/G/1,"Government Thiruvannamalai Medical College, Thiruvannamalai",Government,100,0,100
382,Tamil Nadu,TN/033/G/1,"Government Vellore Medical College, Vellore",Government,100,0,100
383,Tamil Nadu,TN/034/G/1,"Government Villupuram Medical College, Villupuram",Government,100,0,100
384,Chattisgarh,New Establishment,Govt. Medical College Kabeerdham,Government,0,50,50
385,Jammu and Kashmir,JK/010/G/1,"Govt. Medical College, Doda, Kashmir",Government,150,0,150
386,West Bengal,WB/012/G/1,"Govt. Medical College, Kolkata",Government,250,0,250
387,Kerala,KL/019/G/1,"Govt. Medical College,Pariyaram, Kannur (Prev. Known as Academy of Medical Sciences)",Government,100,0,100
388,Tamil Nadu,TN/035/G/1,"Govt. Mohan Kumaramangalam Medical College, Salem",Government,100,0,100
389,Chattisgarh,New Establishment,Govt.Medical Collage Manendragarh,Government,0,50,50
390,Maharashtra,MH/048/G/1,"Grant Medical College, Mumbai",Government,250,0,250
391,Uttarakhand,UK/005/P/4,"Graphic Era Institute of Medical Sciences Dehradun, Uttrakhand",Private,150,50,200
392,Andhra Pradesh,AP/018/P/4,"Great Eastern Medical School and Hospital, Srikakulam",Private,150,50,200
393,Andhra Pradesh,AP/019/P/4,"GSL Medical College, Rajahmundry",Private,250,0,250
394,Uttar Pradesh,UP/039/G/1,"GSVM Medical College, Kanpur",Government,250,0,250
395,Gujarat,GJ/027/P/3,"Gujarat Adani Institute of Medical Sciences, Bhuj",Private,150,0,150
396,Karnataka,KA/022/G/1,"Gulbarga Institute of Medical Sciences, Gulbarga",Government,200,0,200
397,Andhra Pradesh,AP/020/G/1,"Guntur Medical College, Guntur",Government,250,0,250
398,Punjab,PB/009/G/1,"Guru Govind Singh Medical College, Faridkot",Government,250,0,250
399,Maharashtra,MH/049/G/1,"H.B.T. Medical College & Dr. R.N. Cooper Municipal General Hospital, Juhu, Mumbai",Government,200,0,200
400,Delhi,DL/004/P/3,"Hamdard Institute of Medical Sciences & Research, New Delhi",Private,150,0,150
401,Karnataka,KA/023/G/1,"Hassan Institute of Medical Sciences, Hassan",Government,200,0,200
402,Karnataka,KA/024/G/1,"Haveri Institute of Medical Sciences, Haveri",Government,150,0,150
403,Jharkhand,JH/002/G/1,"Hazaribagh Medical College, Hazaribagh",Government,100,0,100
404,Uttar Pradesh,UP/040/P/5,"Heritage Institute of Medical Sciences, Varanasi",Private,200,50,250
405,Odisha,OD/007/P/3,"Hi-Tech Medical College & Hospital, Bhubaneswar",Private,150,0,150
406,Odisha,OD/008/P/3,"Hi-Tech Medical College & Hospital, Rourkela",Private,100,0,100
407,Bihar,BR/006/P/3,"Himalaya Medical College and Hospital , Patna, Bihar",Private,150,0,150
408,Uttarakhand,UK/006/P/4,"Himalayan Institute of Medical Sciences, Dehradun",Private,150,100,250
409,Uttar Pradesh,UP/041/P/3,"Hind Institute of Medical Sciences , Barabanki",Private,100,0,100
410,Uttar Pradesh,UP/042/P/3,"Hind Institute of Medical Sciences, Sitapur",Private,150,0,150
411,West Bengal,WB/013/P/3,"ICARE Institute of Medical Sciences & Research, Haldia, Purba Midanpore",Private,150,50,200
412,Madhya Pradesh,MP/018/P/4,"Index Medical College Hospital & Research Centre, Indore",Private,250,0,250
413,Maharashtra,MH/050/P/3,"Indian Institute of Medical Science & Research, Jalna",Private,150,0,150
414,Bihar,BR/007/G/1,"Indira Gandhi Institute of Medical Sciences, Sheikhpura, Patna",Government,150,0,150
415,Maharashtra,MH/051/G/1,"Indira Gandhi Medical College & Hospital, Nagpur",Government,200,0,200
416,Puducherry,PY/002/G/1,"Indira Gandhi Medical College & Research Institute, Puducherry",Government,180,0,180
417,Himachal Pradesh,HP/004/G/1,"Indira Gandhi Medical College, Shimla",Government,120,0,120
418,Tamil Nadu,TN/036/P/3,"Indira Medical College & Hospitals, Thiruvallur",Private,150,100,250
419,Odisha,OD/009/P/3,"Institute of Medical Sciences & SUM Hospital, Bhubaneswar",Private,250,0,250
420,Odisha,OD/010/P/3,"Institute Of Medical Sciences & SUM Hospital, Bhubaneswar",Private,250,0,250
421,Uttar Pradesh,UP/043/G/1,"Institute of Medical Sciences, BHU, Varansi",Government,100,0,100
422,West Bengal,WB/014/G/1,"Institute of Postgraduate Medical Education & Research, Kolkata",Government,200,50,250
423,Uttar Pradesh,UP/044/P/4,"Integral Institute of Medical Sciences & Research, Lucknow",Private,200,50,250
424,West Bengal,WB/015/P/4,"IQ-City Medical College, Burdwan",Private,250,0,250
425,Tamil Nadu,TN/037/P/4,"J R Medical College and Hospital Villupuram District, Tamilnadu",Private,200,0,200
426,Karnataka,KA/025/P/4,Jagadguru Gangadhar Mahaswamigalu Moorusavirmath Medical College JGMMMC,Private,200,50,250
427,West Bengal,WB/016/P/3,"Jagannath Gupta Institute of Medical Sciences & Hospital, Kolkata",Private,250,0,250
428,West Bengal,WB/017/P/3,Jagannath Gupta Institute of Medical Sciences and Hospital,Private,100,50,150
429,Rajasthan,RJ/033/P/4,"Jaipur National University Institute for Medical Sciences and Research Centre, Jagatpura, Jaipur",Private,250,0,250
430,West Bengal,WB/018/P/3,"Jakir Hossain Medical College, Burdwan",Private,100,0,100
431,West Bengal,WB/019/G/1,Jalpaiguri Government Medical College,Government,100,0,100
432,Bihar,BR/008/G/1,"Jannayak Karpoori Thakur Medical College & Hospital, Madhepura, Bihar",Government,100,0,100
433,Manipur,MN/002/G/1,"Jawaharlal Nehru Institute of Medical Sciences, Porompet, Imphal",Government,150,0,150
434,Rajasthan,RJ/034/G/1,"Jawaharlal Nehru Medical College, Ajmer",Government,250,0,250
435,Uttar Pradesh,UP/045/G/1,"Jawaharlal Nehru Medical College, Aligarh",Government,150,0,150
436,Karnataka,KA/026/P/4,"Jawaharlal Nehru Medical College, Belgaum",Private,250,0,250
437,Bihar,BR/009/G/1,"Jawaharlal Nehru Medical College, Bhagalpur",Government,120,30,150
438,Maharashtra,MH/052/P/3,"Jawaharlal Nehru Medical College, Sawangi (Meghe), Wardha",Private,250,0,250
439,Rajasthan,RJ/035/G/1,"Jhalawar Medical College, Jhalawar",Government,200,0,200
440,West Bengal,WB/020/G/1,"Jhargram Government Medical College & Hospital, Jhargram",Government,100,50,150
441,Rajasthan,RJ/036/P/3,JIET Medical College and Hospital,Private,150,100,250
442,West Bengal,WB/021/P/3,"JIS School of Medical Science & Research, Howrah",Private,150,0,150
443,Karnataka,KA/027/P/3,"JJM Medical College, Davangere",Private,245,0,245
444,West Bengal,WB/022/P/3,"JMN Medical College, Nadia",Private,150,0,150
445,Assam,AS/007/G/1,"Jorhat Medical College & Hospital , Jorhat",Government,125,0,125
446,Karnataka,KA/028/P/4,"JSS Medical College, Mysore",Private,250,0,250
447,Kerala,KL/020/P/3,"Jubilee Mission Medical College & Research Institute, Thrissur",Private,150,0,150
448,Tamil Nadu,TN/038/G/1,"K A P Viswanathan Government Medical College, Trichy",Government,150,0,150
449,Karnataka,KA/029/P/4,"K S Hegde Medical Academy, Mangalore",Private,250,0,250
450,Karnataka,KA/030/P/3,"K V G Medical College, Sullia",Private,150,0,150
451,Uttar Pradesh,UP/046/P/3,"K.D. Medical College Hospital & Research Centre, Mathura",Private,250,0,250
452,Karnataka,KA/031/G/1,"K.H. Patil Institute of Medical Sciences (previously Gadag Institute of Medical Sciences, Mallasamudra, Mulgund Road, Gadag)",Government,150,50,200
453,Telangana,TS/044/G/1,"Kakatiya Medical College, Warangal",Government,250,0,250
454,Odisha,OD/011/P/4,"Kalinga Institute of Medical Sciences, Bhubaneswar",Private,250,0,250
455,Haryana,HR/007/G/1,"Kalpana Chawala Govt. Medical College, Karnal, Haryana",Government,120,0,120
456,Uttar Pradesh,UP/047/G/5,Kalyan Singh Government Medical College,Government,100,0,100
457,Telangana,TS/045/P/4,"Kamineni Academy of Medical Sciences & Research Center, Hyderabad",Private,150,0,150
458,Telangana,TS/046/P/4,"Kamineni Institute of Medical Sciences, Narketpally",Private,200,0,200
459,Karnataka,KA/032/P/3,"Kanachur Institute of Medical Sciences, Mangalore",Private,200,50,250
460,Tamil Nadu,TN/039/G/1,"KanyaKumari Government Medical College, Asaripallam",Government,150,0,150
461,Tamil Nadu,TN/040/P/3,"Kanyakumari Medical Mission Research Centre, Kanyakumari District",Private,100,50,150
462,Karnataka,KA/033/G/1,"Karnataka Medical College and Research Institute, Hubballi, Karnataka",Government,200,50,250
463,Tamil Nadu,TN/041/P/3,"Karpaga Vinayaga Institute of Medical Sciences, Maduranthagam",Private,150,0,150
464,Tamil Nadu,TN/042/P/3,"Karpagam Faculty of Medical Sciences & Research, Coimbatore",Private,150,0,150
465,Kerala,KL/021/P/3,"Karuna Medical College, Palakkad",Private,150,0,150
466,Karnataka,KA/034/G/1,"Karwar Institute of Medical Sciences, Karwar",Government,150,0,150
467,Karnataka,KA/035/P/3,"Kasturba Medical College, Mangalore",Private,250,0,250
468,Karnataka,KA/036/P/3,"Kasturba Medical College, Manipal",Private,250,0,250
469,Bihar,BR/010/P/4,"Katihar Medical College, Katihar",Private,200,0,200
470,Andhra Pradesh,AP/021/P/3,"Katuri Medical College, Guntur",Private,150,0,150
471,Karnataka,KA/037/P/3,"Kempegowda Institute of Medical Sciences, Bangalore",Private,250,0,250
472,Kerala,KL/022/P/3,"Kerala Medical College, Mangode",Private,150,0,150
473,Karnataka,KA/038/P/4,"Khaja Bandanawaz University - Faculty of Medical Sciences, Gulbarga",Private,150,0,150
474,Tamil Nadu,TN/043/G/1,"Kilpauk Medical College, Chennai",Government,150,0,150
475,Uttar Pradesh,UP/048/G/1,"King George Medical University, Lucknow",Government,250,0,250
476,Gujarat,GJ/028/P/3,Kiran Medical College,Private,150,50,200
477,Maharashtra,MH/053/P/3,"KJ Somaiyya Medical College & Research Centre, Mumbai",Private,100,0,100
478,Uttar Pradesh,UP/049/P/6,"KMC Medical College & Hospital, Maharajganj, Uttar Pradesh",Private,200,50,250
479,Tamil Nadu,TN/044/P/5,"KMCH Institute of Health Sciences and Research, Coimbatore",Private,150,0,150
480,Kerala,KL/023/P/3,"KMCT Medical College, Kozhikode, Calicut",Private,250,0,250
481,Karnataka,KA/039/G/1,"Kodagu Institute of Medical Sciences, Kodagu",Government,150,0,150
482,Assam,AS/008/G/1,Kokrajhar Medical College,Government,100,0,100
483,Andhra Pradesh,AP/022/P/4,"Konaseema Institute of Medical Sciences & Research Foundation, Amalapuram",Private,200,50,250
484,Karnataka,KA/040/G/1,"Koppal Institute of Medical Sciences, Koppal",Government,150,0,150
485,West Bengal,WB/023/P/3,"KPC Medical College, Jadavpur, Kolkata",Private,200,0,200
486,Maharashtra,MH/054/P/3,"Krishna Institute of Medical Sciences, Karad",Private,250,0,250
487,Uttar Pradesh,UP/050/P/3,"Krishna Mohan Medical College & Hospital, Mathura",Private,200,50,250
488,West Bengal,WB/024/P/5,"Krishnanagar Institute of Medical Sciences Pvt. Ltd Krishnanagar, Nadia (WB)",Private,150,100,250
489,Andhra Pradesh,AP/023/G/1,"Kurnool Medical College, Kurnool",Government,250,0,250
490,Madhya Pradesh,MP/019/P/3,"L.N. Medical College and Research Centre, Bhopal",Private,250,0,250
491,Delhi,DL/008/G/1,"Lady Hardinge Medical College, New Delhi",Government,240,0,240
492,Assam,AS/009/G/1,Lakhimpur Medical College,Government,100,0,100
493,Chhattisgarh,CG/008/G/1,"Late Shri Baliram Kashyap Memorial NDMC Govt. Medical College, Jagdalpur",Government,125,25,150
494,Chhattisgarh,CG/009/G/1,"Late Shri Lakhi Ram Agrawal Memorial Govt. Medical College, Raigarh",Government,100,0,100
495,Jharkhand,JH/003/P/3,Laxmi Chandravansi Medical College & Hospital,Private,100,50,150
496,Uttar Pradesh,UP/051/G/1,"LLRM Medical College, Meerut",Government,150,0,150
497,Madhya Pradesh,MP/020/P/4,"LNCT Medical College & Sewakunj Hospital, Indore",Private,150,100,250
498,Maharashtra,MH/055/G/1,"Lokmanya Tilak Municipal Medical College, Sion, Mumbai",Government,200,0,200
499,Bihar,BR/011/P/4,"Lord Buddha Koshi Medical College and Hospital, Saharsa",Private,150,50,200
500,Kerala,KL/024/P/4,"M E S Medical College , Perintalmanna Malappuram Distt.Kerala",Private,150,50,200
501,Madhya Pradesh,MP/021/G/1,"M G M Medical College, Indore",Government,250,0,250
502,Jharkhand,JH/004/G/1,"M G M Medical College, Jamshedpur",Government,150,0,150
503,Karnataka,KA/041/P/3,"M S Ramaiah Medical College, Bangalore",Private,150,50,200
504,Chattisgarh,New Establishment,MAA PADMAVATI INSTITUTE OF MEDICAL SCIENCES,Private,0,100,100
505,Tamil Nadu,TN/045/P/3,"Madha Medical College and Hospital, Thandalam, Chennai",Private,150,0,150
506,Bihar,BR/012/P/3,"Madhubani Medical College, Madhubani",Private,250,0,250
507,Tamil Nadu,TN/046/G/1,"Madras Medical College, Chennai",Government,250,0,250
508,Tamil Nadu,TN/047/G/1,"Madurai Medical College, Madurai",Government,250,0,250
509,Bihar,BR/013/P/3,MAHABODHI MEDICAL COLLEGE & HOSPITAL,Private,100,50,150
510,Karnataka,KA/042/P/4,"Mahadevappa Rampure Medical College, Kalaburagi, Gulbarga",Private,200,50,250
511,Uttar Pradesh,UP/052/G/1,"Mahamaya Rajkiya Allopathic Medical College, Ambedkarnagar",Government,100,0,100
512,Haryana,HR/008/P/4,"Maharaja Agrasen Medical College, Agroha",Private,100,0,100
513,Andhra Pradesh,AP/024/P/3,"Maharajah Institute of Medical Sciences, Vizianagaram",Private,200,0,200
514,Uttar Pradesh,UP/053/G/1,"Maharani Laxmi Bai Medical College, Jhansi",Government,150,0,150
515,Maharashtra,MH/056/P/3,"Maharashtra Institute of Medical Education & Research, Talegaon, Pune",Private,150,0,150
516,Maharashtra,MH/057/P/3,"Maharashtra Institute of Medical Sciences & Research, Latur",Private,150,0,150
517,Haryana,HR/009/G/1,"Maharishi Chyawan Medical College, Koriawas",Government,100,0,100
518,Haryana,HR/010/P/3,"Maharishi Markandeshwar College of Medical Sciences & Research, Sadopur",Private,150,50,200
519,Haryana,HR/011/P/3,"Maharishi Markandeshwar Institute Of Medical Sciences & Research, Mullana, Ambala",Private,200,50,250
520,Himachal Pradesh,HP/005/P/3,"Maharishi Markandeshwar Medical College & Hospital, Solan",Private,150,0,150
521,Uttar Pradesh,UP/054/G/1,"Maharshi Devraha Baba Autonomous State Medical College, Deoria",Government,100,0,100
522,Maharashtra,MH/058/P/4,"Mahatma Gandhi Institute of Medical Sciences, Sevagram, Wardha",Private,100,0,100
523,Puducherry,PY/003/P/3,"Mahatma Gandhi Medical College & Research Institute, Pondicherry",Private,250,0,250
524,Rajasthan,RJ/037/P/3,"Mahatma Gandhi Medical College and Hospital, Sitapur, Jaipur",Private,250,0,250
525,Maharashtra,MH/059/P/3,"Mahatma Gandhi Mission Medical College, Vashi",Private,100,0,100
526,Maharashtra,MH/060/P/3,"Mahatma Gandhi Missions Medical College, Aurangabad",Private,250,0,250
527,Maharashtra,MH/061/P/3,"Mahatma Gandhi Missions Medical College, Kamothe, Navi Mumbai",Private,200,50,250
528,Maharashtra,MH/062/P/3,"Mahatma Gandhi Missions Medical College, Nerul, Navi Mumbai",Private,50,0,50
529,Maharashtra,MH/063/P/3,"Mahatma Gandhi Missions Medical College, Panvel",Private,100,0,100
530,Uttar Pradesh,UP/055/G/1,Mahatma Vidur Autonomous State Medical College,Government,100,0,100
531,Madhya Pradesh,MP/022/P/4,"Mahaveer Institute of Medical Sciences & Research, Bhopal",Private,150,0,150
532,Telangana,TS/047/P/3,"Mahavir Institute of Medical Sciences, Vikarabad, Telengana",Private,200,0,200
533,Telangana,TS/048/P/4,"Maheshwara Medical College, Chitkul, Patancheru, Medak",Private,150,100,250
534,Odisha,OD/012/G/1,"Mahraja Jajati Keshari Medical College (previously Government Medical College and Hospital, Jajpur Odhisha)",Government,50,0,50
535,Kerala,KL/025/P/3,"Malabar Medical College, Kozhikode, Calicut",Private,250,0,250
536,Kerala,KL/026/P/3,"Malankara Orthodox Syrian Church Medical College, Kolenchery",Private,100,0,100
537,Maharashtra,MH/064/P/4,MALATI MULTISPECIALITY HOSPITAL AND MEDICAL COLLEGE,Private,50,0,50
538,West Bengal,WB/025/G/1,"Malda Medical College & Hospital, Malda",Government,125,25,150
539,Telangana,TS/049/P/4,"Malla Reddy Institute of Medical Sciences, Hyderabad",Private,200,50,250
540,Telangana,TS/050/P/4,"Mallareddy Medical College for Women, Hyderabad",Private,200,50,250
541,Telangana,TS/051/P/4,"Mamata Academy of Medical Sciences, Bachupally",Private,150,50,200
542,Telangana,TS/052/P/4,"Mamata Medical College, Khammam",Private,200,0,200
543,Karnataka,KA/043/G/1,"Mandya Institute of Medical Sciences, Mandya",Government,150,50,200
544,Jharkhand,JH/005/P/3,"Manipal Tata Medical College,Baridih Jameshedpur",Private,200,50,250
545,Madhya Pradesh,MP/023/P/4,MANSAROVAR MEDICAL COLLEGE AND MGU HOSPITAL,Private,150,100,250
546,Bihar,BR/014/P/3,"Mata Gujri Memorial Medical College, Kishanganj",Private,150,50,200
547,Gujarat,GJ/029/P/3,Matushri prabhaben khodabhai boghara medical college & research centre,Private,150,0,150
548,Delhi,DL/005/G/1,"Maulana Azad Medical College, New Delhi",Government,250,0,250
549,Maharashtra,New Establishment,Mauli Medical College Hospital & Research Center,Private,0,100,100
550,Gujarat,GJ/030/G/1,"Medical College, Baroda",Government,250,0,250
551,Kerala,KL/027/G/1,"Medical College, Thiruvananthapuram",Government,250,0,250
552,Telangana,TS/053/P/5,"Mediciti Institute Of Medical Sciences, Ghanpur",Private,150,0,150
553,Tamil Nadu,TN/048/P/3,"Meenakshi Medical College and Research Institute, Enathur",Private,250,0,250
554,Tamil Nadu,TN/049/P/3,Melmaruvathur Adiparasakthi Instt. Medical Sciences and Research,Private,150,50,200
555,West Bengal,WB/026/G/1,"Midnapore Medical College, Midnapore",Government,200,0,200
556,Odisha,OD/013/G/1,"MKCG Medical College, Berhampur",Government,250,0,250
557,Telangana,TS/054/P/3,"MNR Medical College & Hospital, Sangareddy",Private,150,100,250
558,Uttar Pradesh,UP/057/G/1,"Moti Lal Nehru Medical College, Allahabad",Government,200,0,200
559,Kerala,KL/028/P/4,"Mount Zion Medical College, Chayalode, Ezhamkulam Adoor, Pathanamthitta",Private,150,0,150
560,Gujarat,GJ/031/G/1,"MP Shah Medical College, Jamnagar",Government,250,0,250
561,West Bengal,WB/027/G/1,"Murshidabad Medical College & Hospitals, Murshidabad",Government,125,25,150
562,Uttar Pradesh,UP/058/P/3,"Muzaffarnagar Medical College, Muzaffarnagar",Private,200,50,250
563,Karnataka,KA/044/P/4,"MVJ Medical College and Research Hospital, Bangalore",Private,250,0,250
564,Karnataka,KA/045/G/1,"Mysore Medical College and Research Instt. (Prev.name Government Medical College), Mysore",Government,250,0,250
565,Maharashtra,MH/065/P/4,"N. K. P. Salve Instt. of Medical Sciences and Research Centre and Lata Mangeshkar Hospital, Nagpur",Private,250,0,250
566,Haryana,HR/012/P/3,"N.C. Medical College & Hospital, Panipat",Private,200,0,200
567,Nagaland,NL/001/G/1,Nagaland Institute of Medical Sciences & Research,Government,100,0,100
568,Assam,AS/010/G/1,Nagaon Medical College,Government,100,0,100
569,Bihar,BR/015/G/1,"Nalanda Medical College, Patna",Government,150,50,200
570,Assam,AS/011/G/1,"Nalbari Medical College, Nalbari",Government,100,0,100
571,Dadar & Nagar Haveli ND/001/G/1,,"NAMO Medical Education and Research Institute, Silvassa (Formerly known as Shri Vinoba Bhave Institute of Medical Sciences, (Govt. Medical College) Silvassa, U.T)",Government,177,0,177
572,Tamil Nadu,TN/050/P/3,Nandha Medical College & Hospital Erode,Private,150,0,150
573,Karnataka,KA/012/G/1,Nandi Medical College and Research Institute Chikkaballapura (Chikkaballapura Institute of Medical Sciences Chikkaballapura ),Government,150,0,150
574,Uttar Pradesh,UP/059/P/4,Naraina Medical College & Research Centre,Private,250,0,250
575,Bihar,BR/016/P/3,"Narayan Medical College & Hospital, Sasaram",Private,250,0,250
576,Andhra Pradesh,AP/025/P/4,"Narayana Medical College, Nellore",Private,250,0,250
577,Gujarat,GJ/001/G/1,"Narendra Modi Medical College, Ahmedabad ( previously Ahmedabad Municipal Coporation Medical Education Trust Medical College, Ahmedabad)",Government,200,0,200
578,Uttar Pradesh,UP/060/P/3,"National Capital Region Institute of Medical Sciences, Meerut",Private,200,0,200
579,Rajasthan,RJ/038/P/3,"National Institute of Medical Science & Research, Jaipur",Private,250,0,250
580,Karnataka,KA/046/P/3,"Navodaya Medical College, Raichur",Private,200,50,250
581,Telangana,TS/055/P/3,NEELIMA INSTITUTE OF MEDICAL SCIENCES,Private,200,0,200
582,Bihar,BR/017/P/4,"Netaji Subhas Medical College & Hospital, Amhara, Bihta, Patna",Private,150,100,250
583,Jharkhand,JH/006/P/4,NETAJI SUBHAS MEDICAL COLLEGE AND HOSPITAL,Private,100,100,200
584,Madhya Pradesh,MP/024/G/1,"Netaji Subhash Chandra Bose Medical College, Jabalpur",Government,250,0,250
585,West Bengal,WB/028/G/1,"Nilratan Sircar Medical College, Kolkata",Government,250,0,250
586,Andhra Pradesh,AP/026/P/4,"Nimra Institute of Medical Sciences, Krishna Dist.",Private,200,0,200
587,Uttar Pradesh,UP/061/P/3,Noida International Institute Of Medical Sciences,Private,150,50,200
588,Gujarat,GJ/032/P/3,"Nootan Medical College and Research Centre, Mehsana",Private,150,50,200
589,West Bengal,WB/029/G/1,"North Bengal Medical College, Darjeeling",Government,200,0,200
590,Delhi,DL/006/G/1,"North Delhi Muncipal Corporation Medical College, Delhi",Government,60,0,60
591,Meghalaya,ML/001/G/1,"North Eastern Indira Gandhi Regional Instt. of Health and Medical Sciences, Shillong",Government,50,0,50
592,Telangana,TS/056/P/4,Nova Institute of Medical Sciences and Research Centre,Private,250,0,250
593,Andhra Pradesh,AP/027/P/4,"NRI Institute of Medical Sciences, Visakhapatnam",Private,250,0,250
594,Andhra Pradesh,AP/028/P/4,"NRI Medical College, Guntur",Private,200,0,200
595,Telangana,TS/057/G/1,"Osmania Medical College, Hyderabad",Government,250,0,250
596,Andhra Pradesh,AP/029/P/1,"P E S Institute Of Medical Sciences and Research, Kuppam",Private,150,0,150
597,Kerala,KL/029/P/3,"P K Das Institute of Medical Sciences, Palakkad, Kerala",Private,250,0,250
598,Meghalaya,ML/002/P/3,PA Sangama International Medical College and Hospital,Private,150,0,150
599,Odisha,OD/014/G/1,"PABITRA MOHAN PRADHAN MEDICAL COLLEGE, TALCHER",Government,100,0,100
600,Rajasthan,RJ/039/P/4,"Pacific Institute of Medical Sciences, Umarda, Udaipur",Private,250,0,250
601,Rajasthan,RJ/040/P/3,"Pacific Medical College & Hospital, Bhilo Ka Bedla, Udaipur",Private,200,0,200
602,Maharashtra,MH/066/P/3,"Padmashree Dr. D.Y.Patil Medical College, Navi Mumbai",Private,250,0,250
603,Kerala,KL/030/P/3,"Palakkad Institute of Medical Sciences, Palakkad",Private,150,0,150
604,Jharkhand,JH/007/G/1,"Palamu Medical College, Palamu",Government,100,0,100
605,Gujarat,GJ/033/G/1,"Pandit Deendayal Upadhyay Medical College, Rajkot",Government,200,0,200
606,Tamil Nadu,TN/051/P/3,"Panimalar Medical College Hospital & Research Institute, Chennai,Tamil Nadu",Private,200,0,200
607,Maharashtra,MH/067/P/4,Parbhani Medical College,Private,150,0,150
608,Gujarat,GJ/034/P/3,"Parul Institute of Medical Sciences & Research, Vadodara",Private,200,0,200
609,Bihar,BR/018/G/1,"Patna Medical College, Patna",Government,200,50,250
610,Madhya Pradesh,MP/025/P/3,"Peoples College of Medical Sciences & Research Centre, Bhanpur, Bhopal",Private,250,0,250
611,Karnataka,KA/047/P/1,PES University Institute of Medical Sciences and Reseach Bangalore,Private,150,100,250
612,West Bengal,WB/030/P/3,PKG Medical College & Hospital,Private,50,50,100
613,West Bengal,WB/031/G/1,Prafulla Chandra Sen Government Medical College & Hospital,Government,100,50,150
614,Assam,AS/012/G/1,Pragjyotishpur Medical College,Government,100,0,100
615,Maharashtra,MH/068/P/3,"Prakash Institute of Medical Sciences & Research, Sangli",Private,150,0,150
616,Gujarat,GJ/035/P/3,"Pramukhswami Medical College, Karmsad",Private,150,0,150
617,Uttar Pradesh,UP/062/P/3,"Prasad Institute of Medical Sciences, Lucknow",Private,150,50,200
618,Telangana,TS/058/P/4,"Prathima Institute Of Medical Sciences, Karimnagar",Private,250,0,250
619,Telangana,TS/059/P/3,"Prathima Relief Institute of Medical Sciences, Warangal",Private,150,0,150
620,Rajasthan,New Establishment,Prince Medical College & Hospital,Private,0,50,50
621,Tamil Nadu,TN/052/P/3,"PSG Institute of Medical Sciences, Coimbatore",Private,250,0,250
622,Tamil Nadu,TN/053/P/3,"PSP Medical College Hospital and Research Institute, Chennai",Private,150,100,250
623,Haryana,HR/013/G/1,"PT NEKI RAM SHARMA GOVERNMENT MEDICAL COLLEGE, BHIWANI",Government,100,0,100
624,Haryana,HR/014/G/1,"Pt. B D Sharma Postgraduate Institute of Medical Sciences, Rohtak (Haryana)",Government,250,0,250
625,Chhattisgarh,CG/010/G/1,"Pt. J N M Medical College, Raipur",Government,230,20,250
626,Himachal Pradesh,HP/006/G/1,"Pt. Jawahar Lal Nehru Government Medical College, Chamba",Government,120,1,121
627,Odisha,OD/015/G/1,"Pt. Raghunath Murmu Medical College and Hospital, Baripada, Odisha",Government,125,0,125
628,Puducherry,PY/004/P/4,"Puducherry Institute of Medical Sciences & Research, Pondicherry",Private,150,100,250
629,Punjab,PB/010/P/4,"Punjab Institute of Medical Sciences, Jalandhar",Private,150,0,150
630,Uttar Pradesh,UP/004/G/5,"Punyashloka Lokmata Devi Ahilyabai Holkar Autonomous State Medical College, Auraiya (U.P.)",Government,100,0,100
631,West Bengal,WB/032/G/1,Purulia Government Medical College & Hospital,Government,150,0,150
632,Kerala,KL/031/P/4,"Pushpagiri Institute Of Medical Sciences and Research Centre, Tiruvalla",Private,100,0,100
633,Maharashtra,MH/071/P/3,"R K Damani Medical College ShriRamchandra Institute ofMedical Sciences, Chhatrapati Sambhajinagar",Private,150,0,150
634,Rajasthan,RJ/041/G/1,"R N T Medical College, Udaipur",Government,250,0,250
635,Telangana,TS/060/P/3,"R.V.M. Institute of Medical Sciences and Research Centre, Siddipet",Private,250,0,250
636,Bihar,BR/019/P/4,Radha Devi Jageshwari Memorial Medical College and Hospital,Private,200,0,200
637,Karnataka,KA/048/G/1,"Raichur Institute of Medical Sciences, Raichur",Government,200,0,200
638,West Bengal,WB/033/G/1,"Raiganj Government Medical College & Hospital, Raiganj",Government,150,0,150
639,Chhattisgarh,CG/011/P/4,"Raipur Institute of Medical Sciences (RIMS), Raipur",Private,150,100,250
640,Telangana,New Establishment,RAJA RAJESHWARI INSTITUTE OF MEDICAL SCIENCES-GIRLS,Private,0,150,150
641,Karnataka,KA/049/P/3,"Raja Rajeswari Medical College & Hospital, Bangalore",Private,250,0,250
642,Tamil Nadu,TN/002/P/3,Rajalakshmi Medical College Hospital and Research Institute,Private,200,50,250
643,Maharashtra,MH/069/G/1,"Rajashree Chatrapati Shahu Maharaj Government Medical College, Kolhapur",Government,150,0,150
644,Jharkhand,JH/008/G/1,"Rajendra Institute of Medical Sciences, Ranchi",Government,180,70,250
645,Telangana,TS/061/G/1,"Rajiv Gandhi Institute of Medical Sciences, adilabad",Government,120,30,150
646,Andhra Pradesh,AP/032/G/1,"Rajiv Gandhi Institute of Medical Sciences, Srikakulam",Government,200,0,200
647,Maharashtra,MH/070/G/1,"Rajiv Gandhi Medical College and Chhatrapati Shivaji Maharaj Hospital, Thane",Government,100,0,100
648,Uttar Pradesh,UP/063/G/1,"Rajkiya Allopathic Medical College, Bahraich, UP",Government,100,0,100
649,Uttar Pradesh,UP/064/G/1,"Rajkiya Medical College Jalaun, Orai, Uttar Pradesh",Government,100,0,100
650,Chhattisgarh,CG/005/G/1,"Rajmata Shrimata Devendra Kumari Singhdeo Government Medical College, Ambikapur (Surguja), Chhattisgarh",Government,125,0,125
651,Uttar Pradesh,UP/065/P/3,"Rajshree Medical Research Institute, Bareilly",Private,250,0,250
652,Madhya Pradesh,MP/026/P/4,"Ram Krishna College Hospital & Research Centre, Bhopal",Private,150,100,250
653,Uttar Pradesh,UP/066/P/4,"Rama Medical College Hospital & Research Centre, Kanpur",Private,150,100,250
654,Uttar Pradesh,UP/067/P/4,"Rama Medical College Hospital and Research Centre, Hapur",Private,250,0,250
655,West Bengal,WB/034/G/1,"Rampurhat Government Medical College & Hospital, Rampurhat",Government,150,0,150
656,Andhra Pradesh,AP/033/G/1,"Rangaraya Medical College, Kakinada",Government,250,0,250
657,West Bengal,WB/035/P/3,RANIGANJ INSTITUTE OF MEDICAL SCIENCE,Private,100,100,200
658,Manipur,MN/003/G/1,"Regional Institute of Medical Sciences, Imphal",Government,125,25,150
659,West Bengal,WB/036/G/1,"RG Kar Medical College, Kolkata",Government,250,0,250
660,Punjab,PB/011/P/3,RIMT Medical College and Hospital,Private,50,50,100
661,Madhya Pradesh,MP/027/P/4,"RKDF Medical College Hospital & Research Centre, Jatkhedi, Bhopal",Private,150,0,150
662,Uttar Pradesh,UP/068/P/3,"Rohilkhand Medical College & Hospital, Bareilly",Private,250,0,250
663,Rajasthan,RJ/042/G/1,"RUHS College of Medical Sciences, Jaipur",Government,150,0,150
664,Maharashtra,MH/072/P/3,"Rural Medical College, Loni",Private,200,0,200
665,Madhya Pradesh,MP/028/P/3,"Ruxmaniben Deepchand Gardi Medical College, Ujjain",Private,150,0,150
666,Andhra Pradesh,New Establishment,RVS INSTITUTE OF MEDICAL SCIENCES,Private,0,50,50
667,Uttar Pradesh,UP/069/G/1,"S N Medical College, Agra",Government,200,0,200
668,Karnataka,KA/050/P/3,"S S Institute of Medical Sciences& Research Centre, Davangere",Private,200,50,250
669,Andhra Pradesh,AP/034/G/1,"S V Medical College, Tirupati",Government,240,0,240
670,Telangana,TS/062/P/4,"S V S Medical College, Mehboobnagar",Private,150,50,200
671,Karnataka,KA/051/P/3,"S. Nijalingappa Medical College & HSK Hospital & Research Centre, Bagalkot",Private,250,0,250
672,Odisha,OD/016/G/1,"Saheed Laxman Nayak Medical College & Hospital, Koraput",Government,125,0,125
673,Odisha,OD/004/G/1,"Saheed Rendo Majhi Medical College and Hospital, Bhawanipatna, Kalahandi, Odisha (erstwhile Government Medical College, Bhawanipatna)",Government,100,0,100
674,Gujarat,GJ/036/P/3,"SAL Institute of Medical Sciences, Ahmedabad",Private,150,0,150
675,HARYANA,New Establishment,Sanskaram School of Medical Sciences,Private,0,100,100
676,Andhra Pradesh,AP/035/P/4,"Santhiram Medical College, Nandyal",Private,250,0,250
677,West Bengal,WB/037/P/3,"Santiniketan Medical College, Bolpur, West Bengal",Private,150,0,150
678,Uttar Pradesh,UP/070/P/3,"Santosh Medical College, Ghaziabad",Private,150,0,150
679,Karnataka,KA/052/P/3,"Sapthagiri Institute of Medical Sciences & Research Centre, Bangalore",Private,250,0,250
680,Uttar Pradesh,UP/071/P/3,"Saraswati Institute of Medical Sciences, Hapur",Private,250,0,250
681,Uttar Pradesh,UP/072/P/3,"Saraswati Medical College, Unnao, U.P.",Private,150,0,150
682,West Bengal,WB/038/G/1,"Sarat Chandra Chattopadhyay Government Medical College & Hospital,",Government,100,50,150
683,Uttar Pradesh,New Establishment,sardar Patel Institute of medical education and health sciences,Private,0,50,50
684,Rajasthan,RJ/043/G/1,"Sardar Patel Medical College, Bikaner",Government,250,0,250
685,Tamil Nadu,TN/055/P/3,"Saveetha Medical College and Hospital, Kanchipuram",Private,250,0,250
686,Gujarat,GJ/037/P/3,"SBKS Medical Instt. & Research Centre, Vadodra",Private,250,0,250
687,Odisha,OD/017/G/1,"SCB Medical College, Cuttack",Government,250,0,250
688,Madhya Pradesh,MP/029/P/4,"School of Medical Sciences, Sri Satya Sai University of Technology and Medical Sciences",Private,100,0,100
689,Karnataka,KA/053/P/4,"SDM College of Medical Sciences & Hospital, Sattur, Dharwad",Private,150,0,150
690,Maharashtra,MH/073/G/1,"Seth GS Medical College, Mumbai",Government,250,0,250
691,Telangana,TS/063/P/4,"Shadan Institute of Medical Sciences,Research Centre and Teaching Hospital, Peerancheru",Private,150,100,250
692,Haryana,HR/015/G/1,"Shaheed Hasan Khan Mewati Government Medical College, Nalhar",Government,120,0,120
693,Jharkhand,JH/009/G/1,"Shaheed Nirmal Mahto Medical College & Hospital, Dhanbad (formely known as Patliputra Medical College, Dhanbad)",Government,100,0,100
694,Uttar Pradesh,UP/074/G/1,"Shaikh-UL-Hind Maulana Mahmood Hasan Medical College, Saharanpur",Government,100,0,100
695,Gujarat,GJ/038/P/3,"Shantabaa Medical College, Amreli",Private,200,0,200
696,Uttar Pradesh,UP/073/P/3,"Sharda School of Medical Sciences & Research ( previously School of Medical Sciences & Research,Greater Noida)",Private,250,0,250
697,Jammu and Kashmir,JK/011/G/1,"Sher-I-Kashmir Instt. Of Medical Sciences, Srinagar",Government,125,0,125
698,Manipur,MN/004/P/5,Shija Academy of Health Sciences,Private,150,0,150
699,Meghalaya,ML/003/G/5,Shillong Medical College,Government,50,0,50
700,Karnataka,KA/054/G/1,"Shimoga Institute of Medical Sciences, Shimoga",Government,150,0,150
701,Bihar,BR/020/P/3,Shree Narayan Medical Institute and Hospital,Private,150,0,150
702,Karnataka,KA/055/G/1,"Shri Atal Bihari Vajapayee Medical College and Research Institute, Bengaluru,",Government,200,0,200
703,Haryana,HR/016/G/1,"Shri Atal Bihari Vajpayee Government Medical College, Faridabad",Government,100,0,100
704,Karnataka,KA/056/P/4,"Shri B M Patil Medical College, Hospital & Research Centre, Vijayapura (Bijapur",Private,250,0,250
705,Chhattisgarh,CG/012/P/4,Shri Balaji Institute of Medical Science,Private,250,0,250
706,Uttar Pradesh,UP/075/P/4,Shri Gorakshnath Medical College Hospital & Arogya Dham Gorakhpur (UP),Private,150,0,150
707,Uttarakhand,UK/007/P/4,"Shri Guru Ram Rai Institute of Medical & Health Sciences, Dehradun",Private,250,0,250
708,Rajasthan,RJ/044/G/1,"Shri Kalyan Govt. Medical College, Sikar, Rajasthan",Government,100,0,100
709,Bihar,BR/021/G/1,"Shri Krishna Medical College, Muzzafarpur",Government,120,30,150
710,Himachal Pradesh,HP/007/G/1,"Shri Lal Bahadur Shastri Government Medical College, Mandi, HP",Government,120,0,120
711,Uttar Pradesh,UP/076/P/3,"Shri Ram Murti Smarak Institute of Medical Sciences, Bareilly",Private,200,0,200
712,West Bengal,WB/039/P/3,"Shri Ramkrishna Institute of Medical Sciences & Sanaka Hospitals, Durgapur",Private,250,0,250
713,Chhattisgarh,CG/013/P/3,"Shri Rawatpura Sarkar Institute of Medical Sciences and Research Atal Nagar, Dist- Raipur (C.G.)",Private,150,0,150
714,Tamil Nadu,TN/056/P/3,"Shri Sathya Sai Medical College and Research Institute, Kancheepuram",Private,250,0,250
715,Chhattisgarh,CG/014/P/4,"Shri Shankaracharya Institute of Medical Sciences, Bhilai",Private,250,0,250
716,Uttar Pradesh,UP/077/P/3,Shri Siddhi Vinayak Medical College & Hospital Sambhal (UP) 244302,Private,150,50,200
717,Maharashtra,MH/074/G/1,"Shri Vasant Rao Naik Govt. Medical College, Yavatmal",Government,200,0,200
718,Karnataka,KA/057/P/3,"Shridevi Institute of Medical Sciences & Research Hospital, Tumkur",Private,250,0,250
719,Chhattisgarh,CG/015/G/1,"Shrimati Indira Gandhi Memorial Govt. Medical College, Kanker, Chattisgarh (previously Government Medical College, Kanker)",Government,125,0,125
720,Bihar,New Establishment,SHRINIVAS G EDUCATIONAL & RESEARCH INSTITUTE OF MEDICAL SCIENCES,Private,0,100,100
721,Madhya Pradesh,MP/030/G/1,"Shyam Shah Medical College, Rewa",Government,150,50,200
722,Bihar,BR/022/P/3,SHYAMLAL CHANDRASHEKHAR MEDICAL COLLEGE & S P N M HOPSITAL,Private,100,0,100
723,Karnataka,KA/058/P/3,"Siddaganga Medical College and Research Institute, Tumakuru",Private,200,50,250
724,Jharkhand,New Establishment,Sido Kanhu Medical College and Hospital,Private,0,100,100
725,Sikkim,New Establishment,Sikkim Government Medical College,Government,0,100,100
726,Sikkim,SK/001/P/1,"Sikkim Manipal Institute of Medical Sciences, Gangtok",Private,100,0,100
727,Assam,AS/013/G/1,"Silchar Medical College, Silchar",Government,150,0,150
728,Maharashtra,MH/075/P/4,"Sindhudurg Shikshan Prasarak Mandal (SSPM) Medical College & Lifetime Hospital, Padave, Sindhudurg",Private,149,0,149
729,Uttar Pradesh,UP/078/P/4,SKS Hospital Medical College & Research Centre,Private,200,0,200
730,West Bengal,New Establishment,SKS MEDICAL COLLEGE,Private,0,150,150
731,Maharashtra,MH/076/P/3,"SMBT Institute of Medical Sciences & Research Centre, Nandihills, Nashik",Private,150,0,150
732,Rajasthan,RJ/045/G/1,"SMS Medical College, Jaipur",Government,250,0,250
733,Maharashtra,MH/077/P/3,Smt Sakhubai Narayanrao Katkade Medical College and Research Center,Private,100,0,100
734,Maharashtra,MH/078/P/4,"Smt. Kashibai Navale Medical College and General Hospital, Pune",Private,150,0,150
735,Gujarat,GJ/039/G/1,"Smt. N.H.L.Municipal Medical College, Ahmedabad",Government,250,0,250
736,Uttarakhand,UK/008/G/1,"Soban Singh jeena Government institute of Medical science & Research, Almora",Government,100,0,100
737,Karnataka,KA/059/P/3,SR Patil Medical College and Hospital Distt Bagalkot,Private,100,0,100
738,Tamil Nadu,TN/057/P/3,"Sree Balaji Medical College and Hospital, Chennai",Private,250,0,250
739,Kerala,KL/032/P/3,"Sree Gokulam Medical College Trust & Research Foundation, Trivandrum",Private,150,0,150
740,Tamil Nadu,TN/058/P/3,"Sree Mookambika Institute of Medical Sciences, Kanyakumari",Private,150,0,150
741,Kerala,KL/033/P/3,"Sree Narayana Instt. of Medical Sciences, Chalakka, Ernakulam",Private,150,0,150
742,Kerala,KL/034/P/3,"Sree Uthradom Thiurnal Academy of Medical Sciences, Trivandrum",Private,250,0,250
743,Madhya Pradesh,MP/031/P/4,"Sri Aurobindo Medical College and Post Graduate Institute , Indore",Private,250,0,250
744,Andhra Pradesh,AP/036/P/3,"Sri Balaji Medical College, Hospital and Research Instiutute, Chittoor",Private,150,0,150
745,Maharashtra,MH/079/G/1,"Sri Bhausaheb Hire Government Medical College, Dhule",Government,150,0,150
746,Karnataka,KA/060/P/3,Sri Chamundeshwari Medical College Hospital & Research Institute,Private,150,50,200
747,Karnataka,KA/061/P/3,"Sri Devaraj URS Medical College, Kolar",Private,200,50,250
748,Punjab,PB/012/P/3,"Sri Guru Ram Das Institute of Medical Sciences and Research, Sri Amritsar",Private,150,0,150
749,Odisha,OD/018/G/1,"Sri Jagannath Medical College & Hospital, Puri",Government,100,0,100
750,Puducherry,PY/005/P/3,"Sri Lakshmi Narayana Institute of Medical Sciences, Pondicherry",Private,250,0,250
751,Karnataka,KA/062/P/3,"Sri Madhusudan Sai Institute of Medical Sciences & Research, Chikballapur",Private,50,0,50
752,Puducherry,PY/006/P/3,"Sri Manakula Vinayagar Medical College & Hospital, Pondicherry",Private,250,0,250
753,Tamil Nadu,TN/059/P/3,"Sri Muthukumaran Medical College,Chennai",Private,150,0,150
754,Tamil Nadu,TN/060/P/3,"Sri Ramachandra Medical College & Research Institute, Chennai",Private,250,0,250
755,Karnataka,KA/063/P/3,"Sri siddhartha Institute of Medical Sciences & Research Centre, Bangalore",Private,150,100,250
756,Karnataka,KA/064/P/3,"Sri Siddhartha Medical College, Tumkur",Private,250,0,250
757,Tamil Nadu,TN/061/P/3,"Sri Venkateswaraa Medical College Hospital and Research Institute, Chennai",Private,250,0,250
758,Puducherry,PY/007/P/3,"Sri Venkateswaraa Medical College, Hospital & Research Centre, Pondicherry",Private,250,0,250
759,Karnataka,KA/065/P/3,"Srinivas Institute of Medical Research Centre, Srinivasnagar, Mangalore",Private,250,0,250
760,Tamil Nadu,TN/062/P/3,Srinivasan Medical College and Hospital,Private,250,0,250
761,Tamil Nadu,TN/063/P/3,"SRM Medical College Hospital & Research Centre, Kancheepuram",Private,250,0,250
762,Maharashtra,MH/080/G/1,"SRTR Medical College, Ambajogai",Government,150,0,150
763,Tamil Nadu,TN/064/P/3,"ST Peters Medical College, Hospital & Research Institute",Private,250,0,250
764,Karnataka,KA/066/P/4,"St. Johns Medical College, Bangalore",Private,150,0,150
765,Tamil Nadu,TN/065/G/1,"Stanley Medical College, Chennai",Government,250,0,250
766,Karnataka,KA/067/P/3,"Subbaiah Institute of Medical Sciences, Shimoga, Karnataka",Private,250,0,250
767,Uttar Pradesh,UP/079/P/3,"Subharti Medical College, Meerut",Private,200,0,200
768,Rajasthan,RJ/046/P/4,"Sudha Medical College, Kota, Rajasthan",Private,100,100,200
769,Madhya Pradesh,MP/032/P/3,"Sukh Sagar Medical College & Hospital, Jabalpur",Private,200,0,200
770,Madhya Pradesh,MP/033/G/1,Sundarlal Patwa Govt. Medical College,Government,100,0,100
771,Telangana,TS/064/P/4,"Surabhi Institute of Medical Sciences, Siddipet, Telangana",Private,200,0,200
772,Gujarat,GJ/040/G/1,"Surat Municipal Institute of Medical Education & Research, Surat",Government,250,0,250
773,Andhra Pradesh,AP/037/G/1,"SVIMS - Sri Padmavathi Medical College for Women, Alipiri Road, Tirupati",Government,175,0,175
774,Gujarat,GJ/041/P/3,SWAMIINARAYAN INSTITUTE OF MEDICAL SCIENCES & RESEARCH,Private,200,0,200
775,Tamil Nadu,TN/066/P/3,Swamy Vivekanandha Medical College Hospital And Research Institute,Private,200,50,250
776,Maharashtra,MH/081/P/3,"Symbiosis Medical College for Women, Pune",Private,150,0,150
777,Kerala,KL/035/G/1,"T D Medical College, Alleppey (Allappuzha)",Government,175,0,175
778,Uttar Pradesh,UP/080/P/5,"T S Misra Medical College & Hospital, Amusi, Lucknow",Private,250,0,250
779,Tamil Nadu,TN/067/P/3,"Tagore Medical College and Hospital, Chennai",Private,250,0,250
780,Tamil Nadu,TN/068/P/5,TAKSHASHILA MEDICAL COLLEGE,Private,100,100,200
781,West Bengal,WB/040/G/1,Tamralipto Government Medical College & Hospital,Government,100,50,150
782,Uttar Pradesh,UP/081/P/4,"Teerthanker Mahaveer Medical College, Moradabad",Private,250,0,250
783,Maharashtra,MH/082/P/3,"Terna Medical College, Navi Mumbai",Private,150,0,150
784,Assam,AS/014/G/1,"Tezpur Medical College & Hospital, Tezpur",Government,125,0,125
785,Tamil Nadu,TN/069/G/1,"Thanjavur Medical College, Thanjavur",Government,150,0,150
786,Karnataka,KA/068/P/4,"The Oxford Medical College, Hospital & Research Centre, Bangalore",Private,200,50,250
787,Tamil Nadu,TN/070/G/1,"Theni Government Medical College, Theni",Government,100,0,100
788,Tamil Nadu,TN/071/G/1,"Thiruvarur Govt. Medical College, Thiruvarur",Government,100,0,100
789,Tamil Nadu,TN/072/G/1,"Thoothukudi Medical College, Thoothukudi",Government,150,0,150
790,Assam,AS/015/G/1,Tinsukia Medical College - Assam Pin - 786146,Government,100,0,100
791,Tamil Nadu,TN/073/G/1,"Tirunelveli Medical College, Tirunelveli",Government,250,0,250
792,Arunachal Pradesh,AR/001/G/1,"Tomo Riba Institute of Health & Medical Sciences, Naharlagun",Government,100,0,100
793,Maharashtra,MH/083/G/1,"Topiwala National Medical College, Mumbai",Government,150,0,150
794,Kerala,KL/036/P/3,"Travancore Medical College, Kollam",Private,200,0,200
795,Tamil Nadu,TN/074/P/3,"Trichy SRM Medical College Hospital & Research Centre, Trichy",Private,250,0,250
796,Tripura,TR/002/P/4,"Tripura Medical College and Dr. B R A M Teaching Hospital, Agartala",Private,150,0,150
797,Tripura,TR/003/P/3,"Tripura Santiniketan Medical College, Dist- West Tripura",Private,150,0,150
798,Telangana,TS/065/P/4,"TRR Institute of Medical Sciences, patancheru",Private,150,0,150
799,Uttar Pradesh,UP/082/G/1,Uma Nath Singh Autonomous State Medical College Society Jaunpur,Government,100,0,100
800,Uttar Pradesh,UP/083/P/4,"United Institute of Medical Sciences, Allahabad",Private,150,100,250
801,Delhi,DL/010/G/1,"University College of Medical Sciences & GTB Hospital, New Delhi",Government,170,0,170
802,Uttar Pradesh,UP/084/G/1,"Uttar Pradesh University of Medical Sciences, (Prev. UP Rural Inst.of Med.Sc&R) Etawah",Government,200,0,200
803,Delhi,DL/009/G/1,"Vardhman Mahavir Medical College & Safdarjung Hospital, Delhi",Government,170,0,170
804,Uttar Pradesh,UP/085/P/3,"Varun Arjun Medical College, Banthra, Shahjahanpur",Private,250,0,250
805,Maharashtra,MH/084/P/5,"Vedantaa Institute of Medical Sciences, Palghar, Maharashtra",Private,150,0,150
806,Uttarakhand,UK/009/G/1,"Veer Chandra Singh Garhwali Govt. Medical Sc. & Research Instt, Srinagar, Pauri Garhwal",Government,150,0,150
807,Odisha,OD/019/G/1,"Veer Surendra Sai Institute of Medical Sciences and Research, Burla",Government,200,50,250
808,Tamil Nadu,TN/075/P/3,"Velammal Medical College Hospital and Research Institute, Madurai",Private,150,0,150
809,Tamil Nadu,TN/076/P/3,VELS Medical College & Hospital,Private,250,0,250
810,Uttar Pradesh,UP/086/P/3,"Venkateshwara Institute of Medical Sciences, Gajraula",Private,250,0,250
811,Karnataka,KA/069/G/1,"Vijaynagar Institute of Medical Sciences, Bellary",Government,250,0,250
812,Tamil Nadu,TN/077/P/3,"Vinayaka Missions Kirupananda Variyar Medical College, Salem",Private,150,50,200
813,Puducherry,PY/008/P/3,"Vinayaka Missions Medical College, Karaikal, Pondicherry",Private,150,50,200
814,Bihar,BR/024/P/5,VIRAAT RAMAYAN INSTITUTE OF MEDICAL SCIENCES,Private,50,100,150
815,Madhya Pradesh,MP/034/G/1,Virendra Kumar Sakhlecha Government Medical College,Government,100,0,100
816,Andhra Pradesh,AP/038/P/4,Viswabharathi Medical College,Private,250,0,250
817,Rajasthan,RJ/047/P/5,"Vyas Medical College & Hospital Jodhpur, Rajasthan",Private,100,0,100
818,Karnataka,KA/070/P/3,"Vydehi Institute Of Medical Sciences & Research Centre, Bangalore",Private,250,0,250
819,Haryana,HR/017/P/3,"World College of Medical Sciences & Researc, Jhajjar, Haryana",Private,250,0,250
820,Karnataka,KA/071/G/1,"Yadgiri Institute of Medical Sciences, Yadgiri",Government,150,0,150
821,Karnataka,KA/072/P/3,"Yenepoya Medical College, Mangalore",Private,250,0,250
822,Mizoram,MZ/001/G/1,"Zoram Medical College, Mizoram",Government,100,0,100
823,Gujarat,GJ/042/P/5,"Zydus Medical College & Hospital, Dahod",Private,200,0,200
