Andaman & Nicobar|Andaman & Nicobar Islands Institute of Medical Sciences, Port Blair|114
Andhra Pradesh|ACSR Government Medical College|200
Andhra Pradesh|Andhra Medical College, Visakhapatnam|250
Andhra Pradesh|Government Medical College, Ananthapuram|200
Andhra Pradesh|Government Medical College, Eluru|150
Andhra Pradesh|Government Medical College, Kadapa|250
Andhra Pradesh|Government Medical College, Machilipatnam|150
Andhra Pradesh|Government Medical College, Nandyal|150
Andhra Pradesh|Government Medical College, Ongole|150
Andhra Pradesh|Government Medical College, Paderu|50
Andhra Pradesh|Government Medical College, Piduguralla|50
Andhra Pradesh|Government Medical College, Rajamahendravaram|150
Andhra Pradesh|Government medical college, vizianagaram|150
Andhra Pradesh|Government Siddhartha Medical College, Vijaywada|250
Andhra Pradesh|Guntur Medical College, Guntur|250
Andhra Pradesh|Kurnool Medical College, Kurnool|250
Andhra Pradesh|Rajiv Gandhi Institute of Medical Sciences, Srikakulam|200
Andhra Pradesh|Rangaraya Medical College, Kakinada|250
Andhra Pradesh|S V Medical College, Tirupati|240
Andhra Pradesh|SVIMS Sri Padmavathi Medical College for Women, Tirupati|175
Arunachal Pradesh|Tomo Riba Institute of Health & Medical Sciences, Naharlagun|100
Assam|Assam Medical College, Dibrugarh|250
Assam|Dhubri Medical College, Dhubri|100
Assam|Diphu Medical College & Hospital, Diphu|100
Assam|ESIC Medical College and Hospital, Beltola|50
Assam|Fakhruddin Ali Ahmed Medical College, Barpeta|125
Assam|Gauhati Medical College, Guwahati|250
Assam|Jorhat Medical College & Hospital, Jorhat|125
Assam|Kokrajhar Medical College|100
Assam|Lakhimpur Medical College|100
Assam|Nagaon Medical College|100
Assam|Nalbari Medical College, Nalbari|100
Assam|Pragjyotishpur Medical College|100
Assam|Silchar Medical College, Silchar|150
Assam|Tezpur Medical College & Hospital, Tezpur|125
Assam|Tinsukia Medical College|100
Bihar|Anugrah Narayan Magadh Medical College, Gaya|120
Bihar|Bhagwan Mahavir Institute of Medical Sciences, Pawapuri, Nalanda|120
Bihar|Darbhanga Medical College, Lehriasarai|150
Bihar|Employees State Insurance Corporation Medical College, Patna|100
Bihar|Government Medical College, Bettiah|120
Bihar|Government Medical College, Purnea|100
Bihar|Indira Gandhi Institute of Medical Sciences, Sheikhpura, Patna|150
Bihar|Jannayak Karpoori Thakur Medical College & Hospital, Madhepura|100
Bihar|Jawaharlal Nehru Medical College, Bhagalpur|150
Bihar|Nalanda Medical College, Patna|200
Bihar|Patna Medical College, Patna|250
Bihar|Shri Krishna Medical College, Muzzafarpur|150
Chandigarh|Government Medical College, Chandigarh|200
Chhattisgarh|Government Medical College Dantewada|50
Chhattisgarh|Government Medical College Janjgir Champa|50
Chhattisgarh|government medical college, jashpur-kunkuri|50
Chhattisgarh|Govt Medical College Kabeerdham|50
Chhattisgarh|Govt Medical College Manendragarh|50
Chhattisgarh|Chandulal Chandrakar Memorial Medical College, Durg|200
Chhattisgarh|Chhattisgarh Institute of Medical Sciences, Bilaspur|150
Chhattisgarh|Government Medical College, Rajnandgaon|125
Chhattisgarh|Government Medical College, Korba|125
Chhattisgarh|Government Medical College, Mahasamund|125
Chhattisgarh|Late Shri Baliram Kashyap Memorial NDMC Govt Medical College, Jagdalpur|150
Chhattisgarh|Late Shri Lakhi Ram Agrawal Memorial Govt Medical College, Raigarh|100
Chhattisgarh|Pt. J N M Medical College, Raipur|250
Chhattisgarh|Rajmata Shrimata Devendra Kumari Singhdeo Government Medical College, Ambikapur|125
Chhattisgarh|Shrimati Indira Gandhi Memorial Govt Medical College, Kanker|125
Dadar & Nagar Haveli|NAMO Medical Education and Research Institute, Silvassa|177
Delhi|Atal Bihari Vajpayee Institute of Medical Sciences and Dr. RML Hospital, New Delhi|100
Delhi|Dr. Baba Saheb Ambedkar Medical College, Rohini, Delhi|125
Delhi|ESIC Medical College & Hospital, Basaidarapur, New Delhi|50
Delhi|North Delhi Muncipal Corporation Medical College, Delhi|60
Delhi|University College of Medical Sciences & GTB Hospital, New Delhi|170
Goa|Goa Medical College, Panaji|250
Gujarat|B J Medical College, Ahmedabad|250
Gujarat|ESIC Medical College Naroda Bapunagar, Ahmedabad|50
Gujarat|GMERS Medical College, Dharpur Patan|200
Gujarat|GMERS Medical College, Gandhinagar|200
Gujarat|GMERS Medical College, Gotri, Vadodara|200
Gujarat|GMERS Medical College, Hadiyol, Himmatnagar|200
Gujarat|GMERS Medical College, Junagadh|200
Gujarat|GMERS Medical College, Navsari|100
Gujarat|GMERS Medical College, Rajpipla|100
Gujarat|GMERS Medical College, Sola, Ahmedabad|200
Gujarat|GMERS Medical College, Vadnagar, Mehsana|200
Gujarat|GMERS Medical College, Valsad|200
Gujarat|Government Medical College, Bhavnagar|200
Gujarat|Government Medical College, Morbi|100
Gujarat|Government Medical College, Panchmahal Godhra|100
Gujarat|Government Medical College, Porbandar|100
Gujarat|Government Medical College, Surat|250
Gujarat|Medical College, Baroda|250
Gujarat|MP Shah Medical College, Jamnagar|250
Gujarat|Narendra Modi Medical College, Ahmedabad|200
Gujarat|Pandit Deendayal Upadhyay Medical College, Rajkot|200
Gujarat|Smt. N.H.L. Municipal Medical College, Ahmedabad|250
Gujarat|Surat Municipal Institute of Medical Education & Research, Surat|250
Haryana|BPS Government Medical College for Women, Sonepat|120
Haryana|Employees State Insurance Corporation Medical College, Faridabad|150
Haryana|Kalpana Chawla Govt. Medical College, Karnal|120
Haryana|Maharishi Chyawan Medical College, Koriawas|100
Haryana|Pt NEKI RAM SHARMA Government Medical College, Bhiwani|100
Haryana|Shaheed Hasan Khan Mewati Government Medical College, Nalhar|120
Haryana|Shri Atal Bihari Vajpayee Government Medical College, Faridabad|100
Himachal Pradesh|Dr. Radhakrishnan Government Medical College, Hamirpur|120
Himachal Pradesh|Dr. Rajendar Prasad Government Medical College, Tanda|120
Himachal Pradesh|Government Medical College, Nahan, Sirmour|120
Himachal Pradesh|Pt. Jawahar Lal Nehru Government Medical College, Chamba|121
Himachal Pradesh|Shri Lal Bahadur Shastri Government Medical College, Mandi|120
Jammu and Kashmir|Government Medical College Handwara|100
Jammu and Kashmir|Government Medical College Udhampur|100
Jammu and Kashmir|Government Medical College, Anantnag|150
Jammu and Kashmir|Government Medical College, Baramulla|150
Jammu and Kashmir|Government Medical College, Kathua|150
Jammu and Kashmir|Government Medical College, Rajouri|100
Jammu and Kashmir|Govt. Medical College, Doda|150
Jharkhand|Dumka Medical College, Dighi Dumka|100
Jharkhand|Hazaribagh Medical College, Hazaribagh|100
Jharkhand|M G M Medical College, Jamshedpur|150
Jharkhand|Palamu Medical College, Palamu|100
Jharkhand|Shaheed Nirmal Mahto Medical College & Hospital, Dhanbad|100
Karnataka|Belagavi Institute of Medical Sciences, Belagavi|200
Karnataka|Bidar Institute of Medical Sciences, Bidar|200
Karnataka|Chamrajanagar Institute of Medical Sciences|150
Karnataka|Chikkamagaluru Institute of Medical Sciences, Chikkamagaluru|150
Karnataka|Chitradurga Medical College and Research Institute|150
Karnataka|Employees State Insurance Corporation Medical College, Bangalore|150
Karnataka|Employees State Insurance Corporation Medical College, Gulbarga|150
Karnataka|Gulbarga Institute of Medical Sciences, Gulbarga|200
Karnataka|Hassan Institute of Medical Sciences, Hassan|200
Karnataka|Haveri Institute of Medical Sciences, Haveri|150
Karnataka|K.H. Patil Institute of Medical Sciences, Gadag|200
Karnataka|Karnataka Medical College and Research Institute, Hubballi|250
Karnataka|Karwar Institute of Medical Sciences, Karwar|150
Karnataka|Kodagu Institute of Medical Sciences, Kodagu|150
Karnataka|Koppal Institute of Medical Sciences, Koppal|150
Karnataka|Mandya Institute of Medical Sciences, Mandya|200
Karnataka|Nandi Medical College and Research Institute, Chikkaballapura|150
Karnataka|Raichur Institute of Medical Sciences, Raichur|200
Karnataka|Shimoga Institute of Medical Sciences, Shimoga|150
Karnataka|Shri Atal Bihari Vajapayee Medical College and Research Institute, Bengaluru|200
Karnataka|Vijaynagar Institute of Medical Sciences, Bellary|250
Karnataka|Yadgiri Institute of Medical Sciences, Yadgiri|150
Kerala|Government Medical College, Palakkad|100
Kerala|Government Medical College Kasaragod|50
Kerala|Government Medical College, Ernakulam|110
Kerala|Government Medical College, Idukki|100
Kerala|Government Medical College, Konni|100
Kerala|Government Medical College, Kottayam|175
Kerala|Government Medical College, Manjeri, Malapuram|110
Kerala|Government Medical College, Parippally, Kollam|110
Kerala|Government Medical College, Thrissur|175
Kerala|Government Medical College, Wayanad|50
Kerala|Govt. Medical College, Pariyaram, Kannur|100
Kerala|T D Medical College, Alleppey|175
Madhya Pradesh|Bundelkhand Medical College, Sagar|150
Madhya Pradesh|Dr. Laxminarayan Pandey Government Medical College, Ratlam|200
Madhya Pradesh|ESIC Medical College and Hospital, Indore|50
Madhya Pradesh|Gajra Raja Medical College, Gwalior|250
Madhya Pradesh|Gandhi Medical College, Bhopal|250
Madhya Pradesh|Government Medical College, Sheopur|100
Madhya Pradesh|Government Medical College, Singrauli|100
Madhya Pradesh|Government Medical College, Chhindwara|150
Madhya Pradesh|Government Medical College, Datia|120
Madhya Pradesh|Government Medical College, Khandwa|120
Madhya Pradesh|Government Medical College, Satna|150
Madhya Pradesh|Government Medical College, Seoni|100
Madhya Pradesh|Government Medical College, Shahdol|100
Madhya Pradesh|Government Medical College, Shivpuri|100
Madhya Pradesh|Government Medical College, Vidisha|180
Madhya Pradesh|M G M Medical College, Indore|250
Madhya Pradesh|Shyam Shah Medical College, Rewa|200
Madhya Pradesh|Sundarlal Patwa Govt. Medical College|100
Madhya Pradesh|Virendra Kumar Sakhlecha Government Medical College|100
Maharashtra|Armed Forces Medical College, Pune|150
Maharashtra|Dr Vaishampayan Memorial Medical College, Solapur|200
Maharashtra|Dr. Shankarrao Chavan Govt. Medical College, Nanded|150
Maharashtra|ESIC Medical College and Hospital, Andheri|50
Maharashtra|Government Medical College & Hospital, Baramati|100
Maharashtra|Government Medical College, Ratnagiri|100
Maharashtra|Government Medical College, L.T. Marg, Mumbai|50
Maharashtra|Government Medical College, Akola|200
Maharashtra|Government Medical College, Alibag|100
Maharashtra|Government Medical College, Ambernath|100
Maharashtra|Government Medical College, Amravati|100
Maharashtra|Government Medical College, Aurangabad|200
Maharashtra|Government Medical College, Bhandara|100
Maharashtra|Government Medical College, Buldhana|100
Maharashtra|Government Medical College, Chandrapur|150
Maharashtra|Government Medical College, Gadchiroli|100
Maharashtra|Government Medical College, Gondia|150
Maharashtra|Government Medical College, Hingoli|100
Maharashtra|Government Medical College, Jalgaon|150
Maharashtra|Government Medical College, Jalna|100
Maharashtra|Government Medical College, Latur|150
Maharashtra|Government Medical College, Miraj|200
Maharashtra|Government Medical College, Nandurbar|100
Maharashtra|Government Medical College, Nashik|100
Maharashtra|Government Medical College, Osmanabad|100
Maharashtra|Government Medical College, Parbhani|100
Maharashtra|Government Medical College, Satara|100
Maharashtra|Government Medical College, Sindhudurg|100
Maharashtra|Government Medical College, Washim|100
Maharashtra|H.B.T. Medical College & Dr. R.N. Cooper Municipal General Hospital, Mumbai|200
Maharashtra|Indira Gandhi Medical College & Hospital, Nagpur|200
Maharashtra|Rajiv Gandhi Medical College and Chhatrapati Shivaji Maharaj Hospital, Thane|100
Maharashtra|Shri Vasant Rao Naik Govt. Medical College, Yavatmal|200
Maharashtra|Sri Bhausaheb Hire Government Medical College, Dhule|150
Maharashtra|SRTR Medical College, Ambajogai|150
Manipur|Government Medical College, Churachandpur|100
Manipur|Jawaharlal Nehru Institute of Medical Sciences, Porompet, Imphal|150
Meghalaya|Shillong Medical College|50
Mizoram|Zoram Medical College, Mizoram|100
Nagaland|Nagaland Institute of Medical Sciences & Research|100
Odisha|Dharanidhar Medical College and Hospital, Keonjhar|100
Odisha|Bhima Bhoi Medical College & Hospital, Balangir|100
Odisha|Fakir Mohan Medical College & Hospital, Balasore|100
Odisha|Government Medical College Phulbani, Kandhamal|100
Odisha|Government Medical College, Sundargarh|100
Odisha|Mahraja Jajati Keshari Medical College, Jajpur|50
Odisha|Pabitra Mohan Pradhan Medical College, Talcher|100
Odisha|Pt. Raghunath Murmu Medical College and Hospital, Baripada|125
Odisha|Saheed Laxman Nayak Medical College & Hospital, Koraput|125
Odisha|Saheed Rendo Majhi Medical College and Hospital, Bhawanipatna, Kalahandi|100
Odisha|Sri Jagannath Medical College & Hospital, Puri|100
Odisha|Veer Surendra Sai Institute of Medical Sciences and Research, Burla|250
Puducherry|Indira Gandhi Medical College & Research Institute, Puducherry|180
Punjab|Dr B R Ambedkar State Institute of Medical Sciences, SAS Nagar, Mohali|100
Punjab|ESIC Medical College Ludhiana|50
Punjab|Government Medical College, Amritsar|250
Punjab|Government Medical College, Patiala|250
Punjab|Guru Govind Singh Medical College, Faridkot|250
Rajasthan|Dr SN Medical College, Jodhpur|250
Rajasthan|Employees State Insurance Corporation Medical College, Alwar|100
Rajasthan|ESIC Medical College and Hospital, Jaipur|50
Rajasthan|Government Medical College, Alwar|100
Rajasthan|Government Medical College, Banswara|100
Rajasthan|Government Medical College, Baran|100
Rajasthan|Government Medical College, Barmer|130
Rajasthan|Government Medical College, Bharatpur|150
Rajasthan|Government Medical College, Bhilwara|150
Rajasthan|Government Medical College, Bundi|100
Rajasthan|Government Medical College, Chittorgarh|100
Rajasthan|Government Medical College, Churu|150
Rajasthan|Government Medical College, Dausa|100
Rajasthan|Government Medical College, Dholpur|100
Rajasthan|Government Medical College, Dungarpur|150
Rajasthan|Government Medical College, Hanumangarh|100
Rajasthan|Government Medical College, Jaisalmer|50
Rajasthan|Government Medical College, Jhunjhunu|100
Rajasthan|Government Medical College, Karauli|100
Rajasthan|Government Medical College, Kota|250
Rajasthan|Government Medical College, Nagaur|100
Rajasthan|Government Medical College, Pali|150
Rajasthan|Government Medical College, Sawai Madhopur|100
Rajasthan|Government Medical College, Sirohi|100
Rajasthan|Government Medical College, Sri Ganganagar|100
Rajasthan|Government medical college, Tonk|50
Rajasthan|Jawaharlal Nehru Medical College, Ajmer|250
Rajasthan|Jhalawar Medical College, Jhalawar|200
Rajasthan|RUHS College of Medical Sciences, Jaipur|150
Rajasthan|Shri Kalyan Govt. Medical College, Sikar|100
Sikkim|Sikkim Government Medical College|100
Tamil Nadu|Chengalpattu Medical College, Chengalpattu|100
Tamil Nadu|Coimbatore Medical College, Coimbatore|200
Tamil Nadu|ESIC Medical College & PGIMSR, K.K Nagar, Chennai|149
Tamil Nadu|Government Dharmapuri Medical College, Dharmapuri|100
Tamil Nadu|Government Erode Medical College & Hospital, Perundurai|100
Tamil Nadu|Government Medical College & ESIC Hospital, Coimbatore|100
Tamil Nadu|Government Medical College & Hospital, Cuddalore|150
Tamil Nadu|Government Medical College, Ariyalur|150
Tamil Nadu|Government Medical College, Dindigul|150
Tamil Nadu|Government Medical College, Kallakurichi|150
Tamil Nadu|Government Medical College, Karur|150
Tamil Nadu|Government Medical College, Krishnagiri|150
Tamil Nadu|Government Medical College, Nagapattinam|150
Tamil Nadu|Government Medical College, Namakkal|150
Tamil Nadu|Government Medical College, Omandurar|100
Tamil Nadu|Government Medical College, Pudukottai|150
Tamil Nadu|Government Medical College, Ramanathapuram|100
Tamil Nadu|Government Medical College, The Nilgiris|150
Tamil Nadu|Government Medical College, Thiruvallur|150
Tamil Nadu|Government Medical College, Tiruppur|150
Tamil Nadu|Government Medical College, Virudhunagar|150
Tamil Nadu|Government Sivagangai Medical College, Sivaganga|100
Tamil Nadu|Government Thiruvannamalai Medical College|100
Tamil Nadu|Government Vellore Medical College|100
Tamil Nadu|Government Villupuram Medical College|100
Tamil Nadu|Govt. Mohan Kumaramangalam Medical College, Salem|100
Tamil Nadu|K A P Viswanathan Government Medical College, Trichy|150
Tamil Nadu|KanyaKumari Government Medical College, Asaripallam|150
Tamil Nadu|Kilpauk Medical College, Chennai|150
Tamil Nadu|Thanjavur Medical College, Thanjavur|150
Tamil Nadu|Theni Government Medical College, Theni|100
Tamil Nadu|Thiruvarur Govt. Medical College, Thiruvarur|100
Tamil Nadu|Thoothukudi Medical College, Thoothukudi|150
Tamil Nadu|Tirunelveli Medical College, Tirunelveli|250
Telangana|Employees State Insurance Coporation Medical College, Sanath Nagar, Hyderabad|150
Telangana|Government Medical College Jangaon|100
Telangana|Government Medical College Khammam|100
Telangana|Government Medical College Kumuram Bheem Asifabad|100
Telangana|Government Medical College Medak|50
Telangana|Government Medical College, Bhadradri Kothagudem|150
Telangana|Government Medical College, Jagtial|150
Telangana|Government Medical College, Jayashankar Bhupalpally|100
Telangana|Government Medical College, Jogulumba Gadwal|50
Telangana|Government Medical College, Kamareddy|100
Telangana|Government Medical College, Karimnagar|100
Telangana|Government Medical College, Kodangal|50
Telangana|Government Medical College, Mahabubabad|150
Telangana|Government Medical College, Mahabubnagar|200
Telangana|Government Medical College, Maheshwaram|50
Telangana|Government Medical College, Mancherial|100
Telangana|Government Medical College, Mulugu|50
Telangana|Government Medical College, Nagarkurnool|150
Telangana|Government Medical College, Nalgonda|150
Telangana|Government Medical College, Narayanpet|50
Telangana|Government Medical College, Narsampet|50
Telangana|Government Medical College, Nirmal|100
Telangana|Government Medical College, Nizamabad|150
Telangana|Government medical College, Quthbullapur|50
Telangana|Government Medical College, Rajanna Sircilla|100
Telangana|Government Medical College, Ramagundam|150
Telangana|Government Medical College, Sangareddy|150
Telangana|Government Medical College, Siddipet|200
Telangana|Government Medical College, Suryapet|150
Telangana|Government Medical College, Vikarabad|100
Telangana|Government Medical College, Wanaparthy|150
Telangana|Government Medical College, Yadadri|50
Telangana|Kakatiya Medical College, Warangal|250
Telangana|Rajiv Gandhi Institute of Medical Sciences, Adilabad|150
Tripura|Agartala Government Medical College|200
Uttar Pradesh|Autonomous state medical college Amethi|100
Uttar Pradesh|Autonomous State Medical College and Hospital, Gonda|100
Uttar Pradesh|Autonomous State Medical College and Hospital, Kaushambi|100
Uttar Pradesh|Autonomous State Medical College and Hospital, Lakhimpur Kheri|100
Uttar Pradesh|Autonomous State Medical College, Kushinagar|100
Uttar Pradesh|Autonomous State Medical College, Lalitpur|100
Uttar Pradesh|Autonomous State Medical College, Pilibhit|100
Uttar Pradesh|Autonomous State Medical College, Pratapgarh|100
Uttar Pradesh|Autonomous State Medical College Society, Ghazipur|100
Uttar Pradesh|Autonomous State Medical College Society, Etah|100
Uttar Pradesh|Autonomous State Medical College Society, Fatehpur|100
Uttar Pradesh|Autonomous State Medical College Society, Hardoi|100
Uttar Pradesh|Autonomous State Medical College, Sultanpur|100
Uttar Pradesh|Autonomous State Medical College, Akbarpur, Kanpur|100
Uttar Pradesh|Autonomous State Medical College, Siddharthnagar|100
Uttar Pradesh|Autonomous State Medical College, Sonebhadra|100
Uttar Pradesh|Autonomous State Society Medical College, Mirzapur|100
Uttar Pradesh|Baba Kina Ram Autonomous State Medical College and Hospital, Chandauli|100
Uttar Pradesh|BRD Medical College, Gorakhpur|150
Uttar Pradesh|Dr. Bhimrao Ramji Ambedkar Government Medical College, Kannauj|100
Uttar Pradesh|Dr. Ram Manohar Lohia Institute of Medical Sciences, Lucknow|200
Uttar Pradesh|ESIC Medical College and Hospital, Noida|50
Uttar Pradesh|ESIC Medical College and Hospital, Varanasi|50
Uttar Pradesh|Government Allopathic Medical College, Banda|100
Uttar Pradesh|Government Institute of Medical Sciences, Kasna, Greater Noida|100
Uttar Pradesh|Government Medical College & Super facility Hospital, Azamgarh|100
Uttar Pradesh|Government Medical College, Badaun|100
Uttar Pradesh|Government Medical College, Faizabad|100
Uttar Pradesh|Government Medical College, Firozabad|100
Uttar Pradesh|Government Medical College, Rampur, Basti|100
Uttar Pradesh|Government Medical College, Shahjahanpur|100
Uttar Pradesh|GSVM Medical College, Kanpur|250
Uttar Pradesh|Institute of Medical Sciences, BHU, Varanasi|100
Uttar Pradesh|Jawaharlal Nehru Medical College, Aligarh|150
Uttar Pradesh|Kalyan Singh Government Medical College|100
Uttar Pradesh|King George Medical University, Lucknow|250
Uttar Pradesh|LLRM Medical College, Meerut|150
Uttar Pradesh|Mahamaya Rajkiya Allopathic Medical College, Ambedkarnagar|100
Uttar Pradesh|Maharani Laxmi Bai Medical College, Jhansi|150
Uttar Pradesh|Maharshi Devraha Baba Autonomous State Medical College, Deoria|100
Uttar Pradesh|Mahatma Vidur Autonomous State Medical College|100
Uttar Pradesh|Moti Lal Nehru Medical College, Allahabad|200
Uttar Pradesh|Punyashloka Lokmata Devi Ahilyabai Holkar Autonomous State Medical College, Auraiya|100
Uttar Pradesh|Rajkiya Allopathic Medical College, Bahraich|100
Uttar Pradesh|Rajkiya Medical College Jalaun, Orai|100
Uttar Pradesh|S N Medical College, Agra|200
Uttar Pradesh|Shaikh-UL-Hind Maulana Mahmood Hasan Medical College, Saharanpur|100
Uttar Pradesh|Uma Nath Singh Autonomous State Medical College Society, Jaunpur|100
Uttar Pradesh|Uttar Pradesh University of Medical Sciences, Etawah|200
Uttarakhand|Doon Medical College, Dehradun|150
Uttarakhand|Government Medical College, Haldwani|125
Uttarakhand|Government Medical College, Haridwar|100
Uttarakhand|Soban Singh Jeena Government Institute of Medical Science & Research, Almora|100
Uttarakhand|Veer Chandra Singh Garhwali Govt. Medical Sc. & Research Instt, Srinagar, Pauri Garhwal|150
West Bengal|Bankura Sammilani Medical College, Bankura|200
West Bengal|Barasat Government Medical College & Hospital|100
West Bengal|Burdwan Medical College, Burdwan|200
West Bengal|Calcutta National Medical College, Kolkata|250
West Bengal|College of Medicine and JNM Hospital, Kalyani, Nadia|150
West Bengal|College of Medicine and Sagore Dutta Hospital, Kolkata|150
West Bengal|Coochbehar Government Medical College & Hospital, Coochbehar|150
West Bengal|Diamond Harbour Government Medical College and Hospital|150
West Bengal|Employees State Insurance Corporation Medical College, Joka, Kolkata|150
West Bengal|Govt. Medical College, Kolkata|250
West Bengal|Institute of Postgraduate Medical Education & Research, Kolkata|250
West Bengal|Jalpaiguri Government Medical College|100
West Bengal|Jhargram Government Medical College & Hospital, Jhargram|150
West Bengal|Malda Medical College & Hospital, Malda|150
West Bengal|Midnapore Medical College, Midnapore|200
West Bengal|Murshidabad Medical College & Hospitals, Murshidabad|150
West Bengal|Nilratan Sircar Medical College, Kolkata|250
West Bengal|North Bengal Medical College, Darjeeling|200
West Bengal|Prafulla Chandra Sen Government Medical College & Hospital|150
West Bengal|Purulia Government Medical College & Hospital|150
West Bengal|Raiganj Government Medical College & Hospital, Raiganj|150
West Bengal|Rampurhat Government Medical College & Hospital, Rampurhat|150
West Bengal|RG Kar Medical College, Kolkata|250
West Bengal|Sarat Chandra Chattopadhyay Government Medical College & Hospital|150
West Bengal|Tamralipto Government Medical College & Hospital|150
